id,object,result_position,bookmarks_count,binded_media_url,binded_media_domain,binded_media_thumbnail_url,binded_media_title,binded_media_description,content,internal_unique_id,is_retweeted,is_quoted,likes,media_0_thumbnail,media_0_type,media_0_url,media_1_thumbnail,media_1_type,media_1_url,media_2_thumbnail,media_2_type,media_2_url,media_3_thumbnail,media_3_type,media_3_url,name,original_tweet_url,original_tweet_id,published_at,quote_count,retweet_count,reply_count,tweet_url,user_id,username,views_count,collected_at,input_url
30298,result,54,0,,,,,,Het land van boer Boon tijdens de ondertekening van de wet waardoor het Groninger gasveld is gesloten. (19-04-2024)#Kolham #Groningen #gaswinning #aardbevingen #Vijlbrief https://t.co/aHitaMZakB,1.78211637125548E+018,f,f,0,https://pbs.twimg.com/media/GLtYifLXYAAnP8v.jpg,photo,https://pbs.twimg.com/media/GLtYifLXYAAnP8v.jpg,,,,,,,,,,Dimitri Janowitz,,,2024-04-21 18:37:07+00,0,0,0,https://twitter.com/D_Janowitz/status/1782116371255480594,3104293851,D_Janowitz,125,2024-04-30 09:09:34.059835+00,https://twitter.com/search?q=%23groningen&src=typed_query
30299,result,53,0,,,,,,Staatssecretaris Vijlbrief ondertekent in Kolham de wet waardoor het Groninger gasveld is gesloten. (19-04-2024) #Kolham #Groningen #gaswinning #aardbeving https://t.co/bcYf3OPU7L,1.78211448349987E+018,f,f,0,https://pbs.twimg.com/media/GLtVO9eXAAEAGoB.jpg,photo,https://pbs.twimg.com/media/GLtVO9eXAAEAGoB.jpg,,,,,,,,,,Dimitri Janowitz,,,2024-04-21 18:29:37+00,0,0,0,https://twitter.com/D_Janowitz/status/1782114483499872327,3104293851,D_Janowitz,133,2024-04-30 09:09:33.737087+00,https://twitter.com/search?q=%23groningen&src=typed_query
30859,result,128,0,,,,,,#Tinyhouses #Westpark #Groningen Gisteren door ongelukkige manoeuvre met fiets omgevallen bij het oversteken. Tijdens spitsuur dus heel druk maar meteen stonden twee auto's stil en kwamen twee mannen mij te hulp. ‚ù§Ô∏è Fiets gelukkig nog heel en ikzelf ook. https://t.co/i24l4s9JVm,1.78274093281249E+018,f,f,26,https://pbs.twimg.com/media/GL2RXnxWQAAlVux.jpg,photo,https://pbs.twimg.com/media/GL2RXnxWQAAlVux.jpg,,,,,,,,,,Ineke Kouwenhoven,,,2024-04-23 11:58:54+00,0,0,3,https://twitter.com/IKouwenhoven/status/1782740932812489090,541266024,IKouwenhoven,380,2024-04-30 09:10:14.190323+00,https://twitter.com/search?q=%23groningen&src=typed_query
30861,result,101,0,,,,,,ins Blaue hinein / in het wilde weg Reitdiepgebied  #Groningen  @GR_Landschap https://t.co/zaQgkGkbu1,1.78244424658004E+018,f,f,12,https://pbs.twimg.com/media/GLyDmGNXUAkgs8v.jpg,photo,https://pbs.twimg.com/media/GLyDmGNXUAkgs8v.jpg,,,,,,,,,,Mirjam Aalfs,,,2024-04-22 16:19:59+00,0,1,3,https://twitter.com/HGL_MirjamAalfs/status/1782444246580039792,1.25259693962086E+018,HGL_MirjamAalfs,339,2024-04-30 09:09:56.324518+00,https://twitter.com/search?q=%23groningen&src=typed_query
30862,result,74,0,,,,,,"On #ShakespeareDay thought I would share this booklet about #Hamlet printed in secret by the famous Dutch artist &amp; innovative printer, Hendrik Nicolaas Werkman, in the dark days of 1944. Werkman was executed by the Nazis in 1945. #Groningen @groningermuseum @ukinnl üá¨üáß üá≥üá± https://t.co/pyvPN24Mpi",1.78272913957051E+018,f,f,11,https://pbs.twimg.com/media/GL2Gs1-WMAAX9Qf.jpg,photo,https://pbs.twimg.com/media/GL2Gs1-WMAAX9Qf.jpg,https://pbs.twimg.com/media/GL2Gs19WgAAU70L.jpg,photo,https://pbs.twimg.com/media/GL2Gs19WgAAU70L.jpg,,,,,,,Keith Allan,,,2024-04-23 11:12:03+00,0,4,2,https://twitter.com/HCKeithAllan/status/1782729139570507864,8.90825802304156E+017,HCKeithAllan,1106,2024-04-30 09:09:43.68161+00,https://twitter.com/search?q=%23groningen&src=typed_query
30863,result,179,2,,,,,,Er heeft een steekincident plaatsgevonden aan de Verlengde Frederikstraat in #Groningen. Hierbij is √©√©n persoon zwaargewond geraakt. Hulpdiensten zijn ter plaatse en de politie doet onderzoek.,1.78267369538055E+018,f,f,10,,,,,,,,,,,,,Politie Groningen,,,2024-04-23 07:31:44+00,0,11,2,https://twitter.com/POL_Groningen/status/1782673695380545717,97639259,POL_Groningen,14186,2024-04-30 09:11:00.369006+00,https://twitter.com/search?q=%23groningen&src=typed_query
30864,result,55,0,,,,,,"Haha. Alles voor een propere rommelmarkt. Dus gelieve niet op het gras te poepen, geldt ook voor honden. #Groningen https://t.co/Y7fPu5kcqA",1.78232158284672E+018,f,f,49,https://pbs.twimg.com/media/GLwUAywWUAAyFxB.jpg,photo,https://pbs.twimg.com/media/GLwUAywWUAAyFxB.jpg,,,,,,,,,,Sikkom,,,2024-04-22 08:12:33+00,2,12,5,https://twitter.com/Sikkom050/status/1782321582846718425,2343981858,Sikkom050,5357,2024-04-30 09:09:34.367259+00,https://twitter.com/search?q=%23groningen&src=typed_query
30866,result,116,1,,,,,,Video | Het ultieme dronkenmansfilmpje. Mooier dan dit wordt het niet  Whuahahahaha. Dit is misschien wel het allerbeste dronkenmansfilmpje ooit. Het theater houdt maar niet op. Check: https://t.co/4toTGA1uQT #Groningen,1.78272454638818E+018,f,f,20,,,,,,,,,,,,,Sikkom,,,2024-04-23 10:53:47+00,2,4,8,https://twitter.com/Sikkom050/status/1782724546388181042,2343981858,Sikkom050,7454,2024-04-30 09:10:05.908375+00,https://twitter.com/search?q=%23groningen&src=typed_query
30870,result,63,0,,,,,,"Oud #Groningen. Boteringe brug, Hoge en Lage der Aa en de Grote Markt. https://t.co/I58WSCSC1g",1.78246322640963E+018,f,f,5,https://pbs.twimg.com/media/GLyU23-WMAAbRZo.jpg,photo,https://pbs.twimg.com/media/GLyU23-WMAAbRZo.jpg,https://pbs.twimg.com/media/GLyU22CXsAA3dRk.jpg,photo,https://pbs.twimg.com/media/GLyU22CXsAA3dRk.jpg,https://pbs.twimg.com/media/GLyU226WgAEv0Lk.jpg,photo,https://pbs.twimg.com/media/GLyU226WgAEv0Lk.jpg,,,,smeerling-antiek,,,2024-04-22 17:35:24+00,0,0,1,https://twitter.com/smeerlingantiek/status/1782463226409632057,389361933,smeerlingantiek,212,2024-04-30 09:09:36.606485+00,https://twitter.com/search?q=%23groningen&src=typed_query
30871,result,36,0,,,,,,Groningen  Politie doet onderzoek na een melding van een steekpartij. Hierbij is een man om het leven gekomen. Een 46 jarige vrouw is aangehouden. #Groningen https://t.co/slKhpTqKD0,1.78273400879679E+018,f,f,1,https://pbs.twimg.com/media/GL2Kb_1WsAIHB_1.jpg,photo,https://pbs.twimg.com/media/GL2Kb_1WsAIHB_1.jpg,https://pbs.twimg.com/media/GL2KcABWoAA4DwQ.jpg,photo,https://pbs.twimg.com/media/GL2KcABWoAA4DwQ.jpg,https://pbs.twimg.com/media/GL2Kb_7XUAAJ7Zd.jpg,photo,https://pbs.twimg.com/media/GL2Kb_7XUAAJ7Zd.jpg,https://pbs.twimg.com/media/GL2Kb_zWoAA-6dY.jpg,photo,https://pbs.twimg.com/media/GL2Kb_zWoAA-6dY.jpg,Dutch Emergencies,,,2024-04-23 11:31:23+00,0,0,0,https://twitter.com/DEmergencies/status/1782734008796791187,1.64909574770968E+018,DEmergencies,46,2024-04-30 09:09:25.070487+00,https://twitter.com/search?q=%23groningen&src=typed_query
30873,result,106,0,,,,,,I hope you had a nice weekend and I wish you a nice week.  #DisneyDreamlightValley #teamDisneyDreamlightValley #DisneyDreamlightValleynederland #DisneyDreamlightValleynederlands #DisneyDreamlightValleynl #streamwithjacques #groningen #assen #nederland #nederlands #Rotterdam‚Ä¶ https://t.co/Pz877KBuUo,1.78227313857673E+018,f,f,2,https://pbs.twimg.com/media/GLvn-XLXwAA6jFP.jpg,photo,https://pbs.twimg.com/media/GLvn-XLXwAA6jFP.jpg,,,,,,,,,,Stream With Jacques,,,2024-04-22 05:00:03+00,0,0,0,https://twitter.com/StreamWithJacqu/status/1782273138576728468,1.49872099995678E+018,StreamWithJacqu,132,2024-04-30 09:09:57.720669+00,https://twitter.com/search?q=%23groningen&src=typed_query
45578,result,1,0,,,,,,Hij is af! #Euroborg #Groningen https://t.co/55FCVwyiPs,1.78520147548591E+018,f,f,2,https://pbs.twimg.com/media/GMZPRvQWwAAa-tM.jpg,photo,https://pbs.twimg.com/media/GMZPRvQWwAAa-tM.jpg,,,,,,,,,,Erik Hogeboom üå≥üí°,,,2024-04-30 06:56:13+00,0,0,1,https://twitter.com/erikhogeboom/status/1785201475485905266,11338942,erikhogeboom,133,2024-04-30 09:09:08.254257+00,https://twitter.com/search?q=%23groningen&src=typed_query
45579,result,2,0,,,,,,"Nieuws dat politiek getint is, wordt altijd be√Ønvloed. Altijd. #groningen https://t.co/qS49teKpkV",1.7849363498854E+018,f,f,4,https://pbs.twimg.com/media/GMVd9Kha0AA6I_Y.jpg,photo,https://pbs.twimg.com/media/GMVd9Kha0AA6I_Y.jpg,,,,,,,,,,Ahmed Aarad*,,,2024-04-29 13:22:42+00,0,1,1,https://twitter.com/AhmedAarad/status/1784936349885403294,528792191,AhmedAarad,507,2024-04-30 09:09:08.617415+00,https://twitter.com/search?q=%23groningen&src=typed_query
45580,result,4,0,,,,,,Gisteren #Groningen https://t.co/eJSaRrlNDc,1.78282831601094E+018,f,f,11,https://pbs.twimg.com/media/GL3g56rW8AAo3a6.jpg,photo,https://pbs.twimg.com/media/GL3g56rW8AAo3a6.jpg,,,,,,,,,,GrRobbertü•´,,,2024-04-23 17:46:08+00,0,1,0,https://twitter.com/Gr_Robbert/status/1782828316010938531,1.70962956965157E+018,Gr_Robbert,193,2024-04-30 09:09:09.231503+00,https://twitter.com/search?q=%23groningen&src=typed_query
45581,result,5,0,,,,,,Respect voor de milieudienst van de gemeente #Groningen ! üëç @gem_groningen https://t.co/Vh0HzsCxIX,1.78445721319869E+018,f,f,112,https://pbs.twimg.com/media/GMOqXqnWMAA36vJ.jpg,photo,https://pbs.twimg.com/media/GMOqXqnWMAA36vJ.jpg,,,,,,,,,,Operationeel Expert Siard Heidanus,,,2024-04-28 05:38:47+00,3,5,17,https://twitter.com/WA_Korrewegwijk/status/1784457213198692458,380925484,WA_Korrewegwijk,5407,2024-04-30 09:09:09.563743+00,https://twitter.com/search?q=%23groningen&src=typed_query
45582,result,6,0,,,,,,"Opvallende move van deze ambulance, maar het was/is wel echt nodig. #groningen https://t.co/3nKUxGmZoD",1.78428000304102E+018,f,f,1,https://pbs.twimg.com/ext_tw_video_thumb/1784279946229121024/pu/img/Z0XoCQgsqvRFo5qc.jpg,video,https://video.twimg.com/ext_tw_video/1784279946229121024/pu/vid/avc1/480x270/EM183ewxAX-Kt1dR.mp4?tag=12,,,,,,,,,,Erik Hogeboom üå≥üí°,,,2024-04-27 17:54:37+00,0,2,1,https://twitter.com/erikhogeboom/status/1784280003041018208,11338942,erikhogeboom,882,2024-04-30 09:09:09.871163+00,https://twitter.com/search?q=%23groningen&src=typed_query
45583,result,7,1,,,,,,"ü§© Geen spektakel, maar wel genieten bij Willem II-FC Groningen! Romano Postema en Erik Schouten met hun mooiste moment van de wedstrijd. üí™ #groningen #willemii https://t.co/vY0CEhebNM",1.78408198939961E+018,f,f,7,https://pbs.twimg.com/amplify_video_thumb/1784081880934998016/img/0TBLErjyrZpnAEx7.jpg,video,https://video.twimg.com/amplify_video/1784081880934998016/vid/avc1/320x568/6iWHJyHKVmw06gui.mp4?tag=14,,,,,,,,,,Voetbal International,,,2024-04-27 04:47:47+00,0,0,0,https://twitter.com/VI_nl/status/1784081989399609465,158732105,VI_nl,32152,2024-04-30 09:09:10.132163+00,https://twitter.com/search?q=%23groningen&src=typed_query
45584,result,8,0,,,,,,De hekken zijn weg! De bomen op de Grote Markt √©n de zonnewijzer laten zich weer zien in de nieuwe glorie #groningen #rtvnoord https://t.co/eVnR35HXm6,1.78388316326721E+018,f,f,4,https://pbs.twimg.com/ext_tw_video_thumb/1783883129234575360/pu/img/VuGqrt_X3syE46D4.jpg,video,https://video.twimg.com/ext_tw_video/1783883129234575360/pu/vid/avc1/480x270/wbwp80tSX_Fhvx39.mp4?tag=12,https://pbs.twimg.com/media/GMGgQS7WsAEm2cY.jpg,photo,https://pbs.twimg.com/media/GMGgQS7WsAEm2cY.jpg,https://pbs.twimg.com/media/GMGgQTDWoAAzJmU.jpg,photo,https://pbs.twimg.com/media/GMGgQTDWoAAzJmU.jpg,https://pbs.twimg.com/media/GMGgQTAXMAA7c5f.jpg,photo,https://pbs.twimg.com/media/GMGgQTAXMAA7c5f.jpg,Erik Hogeboom üå≥üí°,,,2024-04-26 15:37:43+00,0,0,1,https://twitter.com/erikhogeboom/status/1783883163267211398,11338942,erikhogeboom,472,2024-04-30 09:09:10.384666+00,https://twitter.com/search?q=%23groningen&src=typed_query
45585,result,9,0,,,,,,Wat een weekend! 100% nagenieten  üëë #kingsnight #paradigm #paradigmgroningen #groningen #hardgroove https://t.co/8d7lhhvoAk,1.78484328973832E+018,f,f,0,https://pbs.twimg.com/ext_tw_video_thumb/1784843178052329473/pu/img/oXRpVeYsmFNLATNT.jpg,video,https://video.twimg.com/ext_tw_video/1784843178052329473/pu/vid/avc1/480x270/iVDnhwO4rI4ZsQlg.mp4?tag=12,,,,,,,,,,Dagmar,,,2024-04-29 07:12:55+00,0,0,0,https://twitter.com/DagmarSchrijft/status/1784843289738322248,155969336,DagmarSchrijft,39,2024-04-30 09:09:10.654138+00,https://twitter.com/search?q=%23groningen&src=typed_query
45586,result,10,0,,,,,,Inzet van het #arrestatieteam aan de Waterloolaan in #Groningen wegens een verwarde vrouw maandagmiddag. https://t.co/I5Qr6LqGj9,1.78493288771375E+018,f,f,7,https://pbs.twimg.com/media/GMVa-2KWAAAA_uT.jpg,photo,https://pbs.twimg.com/media/GMVa-2KWAAAA_uT.jpg,https://pbs.twimg.com/media/GMVa-2JWgAArynM.jpg,photo,https://pbs.twimg.com/media/GMVa-2JWgAArynM.jpg,https://pbs.twimg.com/media/GMVa-2EXgAAjDRL.jpg,photo,https://pbs.twimg.com/media/GMVa-2EXgAAjDRL.jpg,https://pbs.twimg.com/media/GMVa-2KXMAALWQt.jpg,photo,https://pbs.twimg.com/media/GMVa-2KXMAALWQt.jpg,Wesley,,,2024-04-29 13:08:57+00,0,2,1,https://twitter.com/wesley_grn/status/1784932887713751441,1.04105441519145E+018,wesley_grn,943,2024-04-30 09:09:10.941814+00,https://twitter.com/search?q=%23groningen&src=typed_query
45587,result,11,0,,,,,,Op de westelijke ring de N370 bij #Groningen staat een #vrachtwagen met pech. De rechterrijstrook is dicht ‚ùå dit zorgt voor enige vertraging. De berger zal de combinatie afslepen. @RWSverkeersinfo https://t.co/MTz29fFFQi,1.78302433444696E+018,f,f,9,https://pbs.twimg.com/media/GL6TLHsW0AAPXq2.jpg,photo,https://pbs.twimg.com/media/GL6TLHsW0AAPXq2.jpg,https://pbs.twimg.com/media/GL6TLHsXIAAvXX0.jpg,photo,https://pbs.twimg.com/media/GL6TLHsXIAAvXX0.jpg,,,,,,,Weginspecteur Lisa,,,2024-04-24 06:45:02+00,0,2,2,https://twitter.com/WIS_Lisa/status/1783024334446960875,1.64361300812222E+018,WIS_Lisa,1712,2024-04-30 09:09:11.193389+00,https://twitter.com/search?q=%23groningen&src=typed_query
45588,result,13,0,,,,,,‚ÄúGeweldige vleesorgie gehad bij de @DeBlauweTijger in Groningen. @TomZwitser en @HoeDiDoe bedankt voor de gezelligheid! Ik kijk uit naar de volgende vleesorgie.ü•≥ #deblauwetijger #Groningen #FVD #vlees https://t.co/2YvdX7bY05,1.78431969484695E+018,f,f,51,https://pbs.twimg.com/media/GMMtTJ5W0AAAgmk.jpg,photo,https://pbs.twimg.com/media/GMMtTJ5W0AAAgmk.jpg,,,,,,,,,,Harmen de BoerüèõÔ∏èüá≥üá±,,,2024-04-27 20:32:20+00,4,5,3,https://twitter.com/harmendboer/status/1784319694846951907,1.70229392904176E+018,harmendboer,7881,2024-04-30 09:09:11.738868+00,https://twitter.com/search?q=%23groningen&src=typed_query
45589,result,14,0,,,,,,Roekeloos rijgedrag #Groningen https://t.co/I3nNQi3k21,1.78410998068306E+018,f,f,0,https://pbs.twimg.com/ext_tw_video_thumb/1784109952279179264/pu/img/QkXyEXUIZ3VbdcQP.jpg,video,https://video.twimg.com/ext_tw_video/1784109952279179264/pu/vid/avc1/480x270/8mkAMgv5GYFHI2ej.mp4?tag=12,,,,,,,,,,Magnus,,,2024-04-27 06:39:01+00,0,0,0,https://twitter.com/marco_rechtse/status/1784109980683063700,1.76818322461682E+018,marco_rechtse,80,2024-04-30 09:09:12.010701+00,https://twitter.com/search?q=%23groningen&src=typed_query
45590,result,15,0,,,,,,Gisteren #Groningen https://t.co/ce9j0XUt9T,1.78282942027471E+018,f,f,3,https://pbs.twimg.com/media/GL3h6KvWMAEgiI4.jpg,photo,https://pbs.twimg.com/media/GL3h6KvWMAEgiI4.jpg,,,,,,,,,,GrRobbertü•´,,,2024-04-23 17:50:31+00,0,0,0,https://twitter.com/Gr_Robbert/status/1782829420274712601,1.70962956965157E+018,Gr_Robbert,79,2024-04-30 09:09:12.294826+00,https://twitter.com/search?q=%23groningen&src=typed_query
45591,result,16,0,,,,,,Afgelopen nacht werd er een IPhone gestolen in een kroeg in het centrum van #Groningen. Via findmyiphone gaf de telefoon een signaal af in een woning in Selwerd. We hebben daar een onderzoekje ingesteld en de telefoon opgespoord.  Een verdachte (19) zal binnenkort gehoord worden. https://t.co/Xh8z0U4Azt,1.78452007835816E+018,f,f,33,https://pbs.twimg.com/media/GMPjjT6XoAAVoZX.jpg,photo,https://pbs.twimg.com/media/GMPjjT6XoAAVoZX.jpg,,,,,,,,,,Operationeel Expert Siard Heidanus,,,2024-04-28 09:48:36+00,0,2,6,https://twitter.com/WA_Korrewegwijk/status/1784520078358155473,380925484,WA_Korrewegwijk,1919,2024-04-30 09:09:12.617155+00,https://twitter.com/search?q=%23groningen&src=typed_query
45592,result,17,0,,,,,,"PaGroningenüá≥üá± apo,batikai timbojambe mangoma.i'll be out at @HuizeMaas .if you listen to #Zimdancehall you dont wanna miss this one.#Amsterdam #netherlands #Groningen #Zimbabwe https://t.co/sjzbLQ8xFS",1.78286979349162E+018,f,f,0,https://pbs.twimg.com/ext_tw_video_thumb/1782869774898200576/pu/img/U3PeWs7ulI7fjvnZ.jpg,video,https://video.twimg.com/ext_tw_video/1782869774898200576/pu/vid/avc1/320x568/YKWfw_VTnsmleD7V.mp4?tag=12,,,,,,,,,,El Rey,,,2024-04-23 20:30:57+00,0,0,0,https://twitter.com/marlonizzle/status/1782869793491620050,46102640,marlonizzle,75,2024-04-30 09:09:12.905985+00,https://twitter.com/search?q=%23groningen&src=typed_query
45593,result,18,0,,,,,,"""Wherever you are You know that I adore you No matter how far Well, I can go before you And if ever you need someone Well, not that you need helping But if ever you want someone Know that I am willing""  ~Damien Rice  #Gallery365in2024SundayMusic  #Gallery365in2024  #Groningen https://t.co/eK3qaSgCMo",1.78459510512017E+018,f,f,23,https://pbs.twimg.com/media/GMQnAroXEAABNZa.jpg,photo,https://pbs.twimg.com/media/GMQnAroXEAABNZa.jpg,,,,,,,,,,Me in the Middle,,,2024-04-28 14:46:43+00,0,3,2,https://twitter.com/MeInTheMiddleX/status/1784595105120166112,1.72202487780729E+018,MeInTheMiddleX,393,2024-04-30 09:09:13.205392+00,https://twitter.com/search?q=%23groningen&src=typed_query
45594,result,19,0,,,,,,#Kingsland #Groningen https://t.co/x2h8lDSAht,1.78429422548126E+018,f,f,2,https://pbs.twimg.com/media/GMMWI7SXsAAhl32.jpg,photo,https://pbs.twimg.com/media/GMMWI7SXsAAhl32.jpg,,,,,,,,,,Fred (–§—Ä–µ–¥) Dellebarre¬Æ,,,2024-04-27 18:51:08+00,0,0,1,https://twitter.com/Dellebarre/status/1784294225481257197,268428716,Dellebarre,341,2024-04-30 09:09:13.482472+00,https://twitter.com/search?q=%23groningen&src=typed_query
45595,result,20,0,,,,,,#Groningen #Netherlands üá≥üá± https://t.co/Ael8BCIGWj,1.78428006426525E+018,f,f,0,https://pbs.twimg.com/media/GMMJKemWsAE1i-5.jpg,photo,https://pbs.twimg.com/media/GMMJKemWsAE1i-5.jpg,,,,,,,,,,‚öΩÔ∏è‚à¥Ô£ø‚õßÓ®Ä‰πá‚òÖ‚ú≠‚úüüçÅ,,,2024-04-27 17:54:52+00,0,0,0,https://twitter.com/notisoccer/status/1784280064265253287,116084395,notisoccer,47,2024-04-30 09:09:13.749664+00,https://twitter.com/search?q=%23groningen&src=typed_query
45596,result,21,1,,,,,,Dit zegt ons gezonde verstand! üëáüèªüèõÔ∏è  @fvdemocratie @DessingJohan #groningen,1.78350000160943E+018,f,t,73,,,,,,,,,,,,,Theo Heller,https://twitter.com/fvdemocratie/status/Field,1.78348749109108E+018,2024-04-25 14:15:10+00,1,25,3,https://twitter.com/TheoHeller_2022/status/1783500001609429229,1.49004290189582E+018,TheoHeller_2022,1188,2024-04-30 09:09:14.02325+00,https://twitter.com/search?q=%23groningen&src=typed_query
45597,result,22,0,,,,,,"Vandaag, 11 jaar geleden, werd Schokkend Groningen opgericht, aan de Torenstraat 5 te Uithuizermeeden Het ECHTE Gronings Verzet tegen de gaswinning uit het Groningen-Veld was geboren  Gaswinning #Groningen https://t.co/ReDq01XSK0",1.78447339395108E+018,f,f,3,https://pbs.twimg.com/media/GMO5Fq-XIAAPDgN.jpg,photo,https://pbs.twimg.com/media/GMO5Fq-XIAAPDgN.jpg,https://pbs.twimg.com/media/GMO5Fr0XQAAkg8F.jpg,photo,https://pbs.twimg.com/media/GMO5Fr0XQAAkg8F.jpg,https://pbs.twimg.com/media/GMO5FzaWgAAHnLj.jpg,photo,https://pbs.twimg.com/media/GMO5FzaWgAAHnLj.jpg,https://pbs.twimg.com/media/GMO5F5aXEAAhFnr.jpg,photo,https://pbs.twimg.com/media/GMO5F5aXEAAhFnr.jpg,John Martin Lanting üí™üí™üëä,,,2024-04-28 06:43:05+00,0,1,0,https://twitter.com/JohnLanting6/status/1784473393951076680,1510205268,JohnLanting6,99,2024-04-30 09:09:20.930884+00,https://twitter.com/search?q=%23groningen&src=typed_query
45598,result,23,0,,,,,,"@HartvNL Gewoon de gaskraan weer vol open, en de gedupeerden royaal compenseren. Beste voor iedereen. (win-win) #Groningen",1.78519462753798E+018,f,f,7,,,,,,,,,,,,,Hugo Haanstra,,,2024-04-30 06:29:01+00,0,0,0,https://twitter.com/HugoZiet/status/1785194627537981517,1.74218692772013E+018,HugoZiet,190,2024-04-30 09:09:21.204973+00,https://twitter.com/search?q=%23groningen&src=typed_query
45599,result,25,0,,,,,,"""Ze weten de weg naar het Loket Leefbaarheid moeilijk te vinden. Daar gaan we wat aan doen."" @dvhn_nl Binnenkort starten we met laagdrempelige #spreekuren in de #bibliotheken van #Veendam en #Pekela. #loketleefbaarheid #groningen #groningers #leefbaarheid https://t.co/iXgaPYbKvq",1.78521458839859E+018,f,f,2,,,,,,,,,,,,,Groninger Dorpen,,,2024-04-30 07:48:20+00,0,2,0,https://twitter.com/groningerdorpen/status/1785214588398588287,211815811,groningerdorpen,91,2024-04-30 09:09:21.761059+00,https://twitter.com/search?q=%23groningen&src=typed_query
45600,result,26,0,,,,,,Best erg toch? Zovelen zijn door de MijnbouwEllende #Groningen ontvlucht Dat het zo ver moet komen. ...  Stel uit Appingedam hakt in herfst 2021 de knoop door na MijnbouwEllende: huis wordt camper.  https://t.co/VoEta0xKwu  Psychische Genocide  Groningse PTSS Psychotrauma En meer https://t.co/bjVBI4PdWW,1.78499675949357E+018,f,f,2,https://pbs.twimg.com/media/GMWVFsFXIAAr9Zu.jpg,photo,https://pbs.twimg.com/media/GMWVFsFXIAAr9Zu.jpg,,,,,,,,,,John Martin Lanting üí™üí™üëä,,,2024-04-29 17:22:45+00,0,2,2,https://twitter.com/JohnLanting6/status/1784996759493574715,1510205268,JohnLanting6,81,2024-04-30 09:09:22.016169+00,https://twitter.com/search?q=%23groningen&src=typed_query
45601,result,27,1,,,,,,Lifeliner 4 PH-DOC deze zondagmiddag in Groningen voor een inzet. #Lifeliner4 #Phdoc #Groningen https://t.co/7HiV4FjD2y,1.78460660081402E+018,f,f,2,https://pbs.twimg.com/media/GMQyKVJXoAAbSi-.jpg,photo,https://pbs.twimg.com/media/GMQyKVJXoAAbSi-.jpg,https://pbs.twimg.com/media/GMQyKVHXEAAyPWE.jpg,photo,https://pbs.twimg.com/media/GMQyKVHXEAAyPWE.jpg,https://pbs.twimg.com/media/GMQyKVJWgAASyDR.jpg,photo,https://pbs.twimg.com/media/GMQyKVJWgAASyDR.jpg,https://pbs.twimg.com/media/GMQyKVJW8AA_Dov.jpg,photo,https://pbs.twimg.com/media/GMQyKVJW8AA_Dov.jpg,Lifeliner4Media,,,2024-04-28 15:32:24+00,0,0,0,https://twitter.com/lifeliner4media/status/1784606600814022879,1.6973084616614E+018,lifeliner4media,325,2024-04-30 09:09:22.343946+00,https://twitter.com/search?q=%23groningen&src=typed_query
45602,result,28,0,,,,,,Verliefd koppeltje op de #Winschoterdiep in #Groningen. Dat wordt nageslacht! &gt; https://t.co/r0WlrianBO,1.78489714844784E+018,f,f,0,https://pbs.twimg.com/media/GMU6emvXYAA_eDf.jpg,photo,https://pbs.twimg.com/media/GMU6emvXYAA_eDf.jpg,,,,,,,,,,JW Slijm,,,2024-04-29 10:46:56+00,0,0,0,https://twitter.com/eurovermeer/status/1784897148447838377,192357257,eurovermeer,26,2024-04-30 09:09:22.64558+00,https://twitter.com/search?q=%23groningen&src=typed_query
45603,result,30,0,,,,,,"@_Edgar_NL Geen idee waar het over gaat maar qua #Groningen heb je helemaal gelijk. Sterker, ik vind ‚Äòt een understatement. #firstdates https://t.co/qoXu0iV5M2",1.78500368618114E+018,f,f,2,https://pbs.twimg.com/tweet_video_thumb/GMWbY3rWAAAb7Aj.jpg,animated_gif,,,,,,,,,,,Henk üÖ±Ô∏èrandsma,,,2024-04-29 17:50:17+00,0,0,0,https://twitter.com/HenkBrandsma1/status/1785003686181138553,546312343,HenkBrandsma1,172,2024-04-30 09:09:23.249166+00,https://twitter.com/search?q=%23groningen&src=typed_query
45604,result,31,0,,,,,,"Goodmorning, have a great day and new week üòò #Groningen https://t.co/YpeBWndnZJ",1.78483144884485E+018,f,f,16,https://pbs.twimg.com/ext_tw_video_thumb/1784831432457658368/pu/img/i6pH7AK9B4oF002d.jpg,video,https://video.twimg.com/ext_tw_video/1784831432457658368/pu/vid/avc1/320x568/llROeltcWoOeyKb6.mp4?tag=12,,,,,,,,,,Rita de Korte,,,2024-04-29 06:25:52+00,0,0,4,https://twitter.com/korte_rita/status/1784831448844849372,1.41503756229772E+018,korte_rita,90,2024-04-30 09:09:23.557718+00,https://twitter.com/search?q=%23groningen&src=typed_query
45605,result,32,0,,,,,,Ik snap die #fophef over #groningen en #beton niet zo. Er wordt altijd gedaan alsof er maar 1 put is maar het zijn er meer dan 20! Welke gaat dan dicht? En dan: volgend jaar boren we een nieuwe pijp 100 meter verderop. Tadaaaaa ü•≥ Hoezo definitief afsluiten ü§∑‚Äç‚ôÇÔ∏è Wat een kolder. https://t.co/AIkexoZSQY,1.78382846436746E+018,f,f,1,https://pbs.twimg.com/media/GMFuXkeWgAA5ljC.jpg,photo,https://pbs.twimg.com/media/GMFuXkeWgAA5ljC.jpg,https://pbs.twimg.com/media/GMFuafqWsAAjikc.png,photo,https://pbs.twimg.com/media/GMFuafqWsAAjikc.png,,,,,,,ùìöùìÆùìÆùìº - #300,,,2024-04-26 12:00:22+00,0,0,0,https://twitter.com/__K_C_B__/status/1783828464367456764,2438341867,__K_C_B__,47,2024-04-30 09:09:23.832109+00,https://twitter.com/search?q=%23groningen&src=typed_query
45606,result,33,0,,,,,,Met een blij gemoed 36.000 uur reizen met het OV naar #Groningen voor een controle afspraak van 10 minuten. #zinin https://t.co/ujZ8edmIlO,1.7837983816194E+018,f,f,14,https://pbs.twimg.com/media/GMFTKZ4XMAALm6L.jpg,photo,https://pbs.twimg.com/media/GMFTKZ4XMAALm6L.jpg,,,,,,,,,,Frank Berkemeier,,,2024-04-26 10:00:50+00,0,1,5,https://twitter.com/FB620210152/status/1783798381619397018,1.48201251607096E+018,FB620210152,593,2024-04-30 09:09:24.199572+00,https://twitter.com/search?q=%23groningen&src=typed_query
45607,result,34,0,,,,,,"#Europas #gr√∂√ütes #Gasfeld in #Groningen, #Niederlande, #SCHLIESST #aufgrund von #Erdbeben√§ngsten (oder so sagen sie)! https://t.co/bmHBELrQy4 https://t.co/q4TqLpcw1j",1.78448872851948E+018,f,f,0,https://pbs.twimg.com/media/GMPHCbfXMAAWtkj.jpg,photo,https://pbs.twimg.com/media/GMPHCbfXMAAWtkj.jpg,,,,,,,,,,FreiePresse,,,2024-04-28 07:44:01+00,0,1,0,https://twitter.com/PRESSECOP/status/1784488728519475443,1.69539359198242E+018,PRESSECOP,50,2024-04-30 09:09:24.460703+00,https://twitter.com/search?q=%23groningen&src=typed_query
45608,result,35,0,,,,,,Fotos uit de oude doos  Seismic Refugees  #Groningen https://t.co/Tyvs8zACmg,1.78499916570713E+018,f,f,0,https://pbs.twimg.com/media/GMWXRZ7XcAA1XF4.jpg,photo,https://pbs.twimg.com/media/GMWXRZ7XcAA1XF4.jpg,https://pbs.twimg.com/media/GMWXRgTWgAAw87D.jpg,photo,https://pbs.twimg.com/media/GMWXRgTWgAAw87D.jpg,https://pbs.twimg.com/media/GMWXRiwXsAA9tbE.jpg,photo,https://pbs.twimg.com/media/GMWXRiwXsAA9tbE.jpg,https://pbs.twimg.com/media/GMWXRxtXMAAaIbm.jpg,photo,https://pbs.twimg.com/media/GMWXRxtXMAAaIbm.jpg,John Martin Lanting üí™üí™üëä,,,2024-04-29 17:32:19+00,0,1,0,https://twitter.com/JohnLanting6/status/1784999165707125195,1510205268,JohnLanting6,46,2024-04-30 09:09:24.764281+00,https://twitter.com/search?q=%23groningen&src=typed_query
45609,result,37,0,,,,,,Een kopje #koffie van #Eitse in #Groningen. &gt; https://t.co/356vPrNv89,1.78489666313749E+018,f,f,0,https://pbs.twimg.com/media/GMU6A1ZXMAAvWs9.jpg,photo,https://pbs.twimg.com/media/GMU6A1ZXMAAvWs9.jpg,https://pbs.twimg.com/media/GMU6CUeWkAAOumP.jpg,photo,https://pbs.twimg.com/media/GMU6CUeWkAAOumP.jpg,,,,,,,JW Slijm,,,2024-04-29 10:45:00+00,0,0,0,https://twitter.com/eurovermeer/status/1784896663137493424,192357257,eurovermeer,28,2024-04-30 09:09:25.337317+00,https://twitter.com/search?q=%23groningen&src=typed_query
45610,result,38,0,,,,,,Blijft toch prachtig Nederlandse feestdag dit #Groningen #rtvnoord #Koningsdag https://t.co/c17JIHsDJ3,1.7841434222672E+018,f,f,5,https://pbs.twimg.com/media/GMKM-1MWAAA3iCX.jpg,photo,https://pbs.twimg.com/media/GMKM-1MWAAA3iCX.jpg,https://pbs.twimg.com/media/GMKM-1LXkAAvPDX.jpg,photo,https://pbs.twimg.com/media/GMKM-1LXkAAvPDX.jpg,https://pbs.twimg.com/media/GMKM-1SWcAAMVgn.jpg,photo,https://pbs.twimg.com/media/GMKM-1SWcAAMVgn.jpg,https://pbs.twimg.com/media/GMKM-1MWYAAGb2t.jpg,photo,https://pbs.twimg.com/media/GMKM-1MWYAAGb2t.jpg,Erik Hogeboom üå≥üí°,,,2024-04-27 08:51:54+00,0,1,1,https://twitter.com/erikhogeboom/status/1784143422267195565,11338942,erikhogeboom,1058,2024-04-30 09:09:25.582379+00,https://twitter.com/search?q=%23groningen&src=typed_query
45611,result,39,0,,,,,,#wilgro Terug naar #Groningen met eigenlijk 2 puntjes te weinig!! #fcgroningen #trotsvanhetnoorden üíöü§ç #FloodlightFriday https://t.co/q1VJOGTE42,1.78404053916526E+018,f,f,16,https://pbs.twimg.com/media/GMIvad9XQAAS_wZ.jpg,photo,https://pbs.twimg.com/media/GMIvad9XQAAS_wZ.jpg,,,,,,,,,,Jakob,,,2024-04-27 02:03:05+00,0,0,2,https://twitter.com/jobkl18/status/1784040539165262230,276672571,jobkl18,1449,2024-04-30 09:09:25.821949+00,https://twitter.com/search?q=%23groningen&src=typed_query
45612,result,40,0,,,,,,#Groningenstandswithpalestine  #FreePalestine  #HollandstandswithPalestine #Groningen https://t.co/QZF1QqQILe,1.78460894771591E+018,f,f,1,https://pbs.twimg.com/ext_tw_video_thumb/1784608910336266240/pu/img/AqtEWuHkEWixQI5N.jpg,video,https://video.twimg.com/ext_tw_video/1784608910336266240/pu/vid/avc1/320x568/8a1pq7ek-N3Folhu.mp4?tag=12,https://pbs.twimg.com/ext_tw_video_thumb/1784608910336315393/pu/img/73ly4cijjVDgApt5.jpg,video,https://video.twimg.com/ext_tw_video/1784608910336315393/pu/vid/avc1/320x568/MEHXfgfPuS1qdGf9.mp4?tag=12,https://pbs.twimg.com/ext_tw_video_thumb/1784608910319419394/pu/img/se36-QzxpqXdCOB1.jpg,video,https://video.twimg.com/ext_tw_video/1784608910319419394/pu/vid/avc1/320x568/SGjirE34s7HOaOQt.mp4?tag=12,,,,Usman Khan,,,2024-04-28 15:41:44+00,0,0,0,https://twitter.com/us53yyy/status/1784608947715911866,1456864340,us53yyy,128,2024-04-30 09:09:26.108696+00,https://twitter.com/search?q=%23groningen&src=typed_query
45613,result,41,0,,,,,,Mijn gras?! Mijn gras?! #Stadspark in #Groningen. &gt; https://t.co/uVW4MGSVAW,1.78489225960064E+018,f,f,0,https://pbs.twimg.com/media/GMU2Ai5WIAAJIJd.jpg,photo,https://pbs.twimg.com/media/GMU2Ai5WIAAJIJd.jpg,https://pbs.twimg.com/media/GMU2CDhWwAAUbfn.jpg,photo,https://pbs.twimg.com/media/GMU2CDhWwAAUbfn.jpg,,,,,,,JW Slijm,,,2024-04-29 10:27:31+00,0,0,0,https://twitter.com/eurovermeer/status/1784892259600642306,192357257,eurovermeer,28,2024-04-30 09:09:26.380566+00,https://twitter.com/search?q=%23groningen&src=typed_query
45614,result,42,0,,,,,,"Don't fucking bark, if you can't bite!  Groningse Verzetshelden Gaswinning #Groningen #Warrior #PTSDWarrior #Hero #heroes  Vele Groningers gesproken, met hun grote mond, wat ze wel niet wilden gaan doen.... Aan het eind, bleken het schijterds te zijn! https://t.co/RseVTlcYii",1.78344440373178E+018,f,f,0,https://pbs.twimg.com/media/GMAROw8W0AA4ton.jpg,photo,https://pbs.twimg.com/media/GMAROw8W0AA4ton.jpg,,,,,,,,,,John Martin Lanting üí™üí™üëä,,,2024-04-25 10:34:15+00,0,1,1,https://twitter.com/JohnLanting6/status/1783444403731779751,1510205268,JohnLanting6,119,2024-04-30 09:09:26.657701+00,https://twitter.com/search?q=%23groningen&src=typed_query
45615,result,43,0,,,,,,"Waar ik ook bang voor ben? U ook? Ook Nederland laat zich meeslepen in de oorlog (WWIII) Rusland/Oekra√Øne? En, ook dat zal gebruikt gaan worden om het Groningen-Veld open en operationeel te houden! 'They' fuck you, time after time, year after year! #Groningen  #Rusland  #oekraine https://t.co/Wjt6mZAusM",1.78380798933114E+018,f,f,0,https://pbs.twimg.com/media/GMFb6LiWQAIWoT7.jpg,photo,https://pbs.twimg.com/media/GMFb6LiWQAIWoT7.jpg,,,,,,,,,,John Martin Lanting üí™üí™üëä,,,2024-04-26 10:39:00+00,0,1,0,https://twitter.com/JohnLanting6/status/1783807989331145045,1510205268,JohnLanting6,74,2024-04-30 09:09:26.907992+00,https://twitter.com/search?q=%23groningen&src=typed_query
45616,result,44,0,,,,,,Wat voel ik mij toch thuis in deze geweldig leuke en sfeervolle stad. #Groningen #groningendekoningen üíö https://t.co/LNqCkCy98f,1.78395514606337E+018,f,f,25,https://pbs.twimg.com/media/GMHhvzUWkAA1kIm.jpg,photo,https://pbs.twimg.com/media/GMHhvzUWkAA1kIm.jpg,https://pbs.twimg.com/media/GMHhv2bWcAA_jc7.jpg,photo,https://pbs.twimg.com/media/GMHhv2bWcAA_jc7.jpg,https://pbs.twimg.com/media/GMHhwC1XoAA0aFQ.jpg,photo,https://pbs.twimg.com/media/GMHhwC1XoAA0aFQ.jpg,,,,Mark Postma,,,2024-04-26 20:23:45+00,0,1,2,https://twitter.com/MarkPostma77/status/1783955146063372455,3552888137,MarkPostma77,2310,2024-04-30 09:09:31.149855+00,https://twitter.com/search?q=%23groningen&src=typed_query
45617,result,45,0,,,,,,Work in progess #groningen https://t.co/jwcRbrPaK0,1.78380303230136E+018,f,f,10,https://pbs.twimg.com/media/GMFXZl2WIAAELc7.jpg,photo,https://pbs.twimg.com/media/GMFXZl2WIAAELc7.jpg,https://pbs.twimg.com/media/GMFXZl3XEAA7rJf.jpg,photo,https://pbs.twimg.com/media/GMFXZl3XEAA7rJf.jpg,,,,,,,Erik Hogeboom üå≥üí°,,,2024-04-26 10:19:19+00,0,1,1,https://twitter.com/erikhogeboom/status/1783803032301355099,11338942,erikhogeboom,1648,2024-04-30 09:09:31.499744+00,https://twitter.com/search?q=%23groningen&src=typed_query
45618,result,47,0,,,,,,Good job Sulley.  #DisneyDreamlightValley #teamDisneyDreamlightValley #DisneyDreamlightValleynederland #DisneyDreamlightValleynederlands #DisneyDreamlightValleynl #streamwithjacques #groningen #assen #nederland #nederlands #Rotterdam #Amsterdam https://t.co/6aZbYBB3uj,1.78252291778958E+018,f,f,2,https://pbs.twimg.com/media/GLzLJMzWoAA474B.jpg,photo,https://pbs.twimg.com/media/GLzLJMzWoAA474B.jpg,,,,,,,,,,Stream With Jacques,,,2024-04-22 21:32:35+00,0,0,0,https://twitter.com/StreamWithJacqu/status/1782522917789577571,1.49872099995678E+018,StreamWithJacqu,135,2024-04-30 09:09:32.128945+00,https://twitter.com/search?q=%23groningen&src=typed_query
45619,result,48,0,,,,,,Is het erg om te hopen dat dit mis gaat? #koningsdag #groningen https://t.co/IkEaAk4t3U,1.78424795629771E+018,f,f,5,https://pbs.twimg.com/media/GMLsDp0WAAATuAo.jpg,photo,https://pbs.twimg.com/media/GMLsDp0WAAATuAo.jpg,,,,,,,,,,Gerhard Hurenkamp,,,2024-04-27 15:47:17+00,0,0,1,https://twitter.com/GHurenkamp/status/1784247956297711978,400826010,GHurenkamp,1700,2024-04-30 09:09:32.382284+00,https://twitter.com/search?q=%23groningen&src=typed_query
45620,result,49,0,,,,,,#WILGRO 1-1 #Groningen https://t.co/nV9fQLx5HS,1.78394034141602E+018,f,f,3,https://pbs.twimg.com/tweet_video_thumb/GMHUSBDWQAIR6b3.jpg,animated_gif,,,,,,,,,,,Andr√©,,,2024-04-26 19:24:56+00,0,0,1,https://twitter.com/andropovken/status/1783940341416022101,232561353,andropovken,351,2024-04-30 09:09:32.647466+00,https://twitter.com/search?q=%23groningen&src=typed_query
45621,result,50,0,,,,,,Dit gaat in de toekomst veel vaker voorkomen!   Het zal blijken dat het sluiten van gasveld in #Groningen het domste besluit ever is genomen door onze volksvertegenwoordigers!   ingreep tegen overbelasting stroomnet: meer gas/ pauzeren laadpalen https://t.co/0XP2Lbcha6 via @NUnl,1.78384912334447E+018,f,f,28,,,,,,,,,,,,,GC,,,2024-04-26 13:22:27+00,0,8,6,https://twitter.com/GirbeCameron/status/1783849123344470412,240204028,GirbeCameron,439,2024-04-30 09:09:32.909569+00,https://twitter.com/search?q=%23groningen&src=typed_query
45622,result,52,0,,,,,,#Mooimeerstad #Groningen #Meerstad https://t.co/nozLv6uz2X,1.78430585218413E+018,f,f,16,https://pbs.twimg.com/media/GMMgtyRWIAAvx4x.jpg,photo,https://pbs.twimg.com/media/GMMgtyRWIAAvx4x.jpg,,,,,,,,,,ùëµùíäùíÜùíçùíî ùëØùíäùíçùíÉùíêùíÜùíîùíÜùíè ¬©,,,2024-04-27 19:37:20+00,0,0,2,https://twitter.com/Neluzzz/status/1784305852184133948,170419542,Neluzzz,1471,2024-04-30 09:09:33.464076+00,https://twitter.com/search?q=%23groningen&src=typed_query
45623,result,56,0,,,,,,Het was mooi druk in #Groningen #Koningsdag #koningsnacht #rtvnoord https://t.co/jPXMMKlJjc,1.78401024355638E+018,f,f,5,https://pbs.twimg.com/media/GMIT2_uXQAASK_O.jpg,photo,https://pbs.twimg.com/media/GMIT2_uXQAASK_O.jpg,https://pbs.twimg.com/media/GMIT2_mWkAAG6XB.jpg,photo,https://pbs.twimg.com/media/GMIT2_mWkAAG6XB.jpg,https://pbs.twimg.com/media/GMIT2_qXwAAilNA.jpg,photo,https://pbs.twimg.com/media/GMIT2_qXwAAilNA.jpg,https://pbs.twimg.com/media/GMIT2_sWkAAt1cg.jpg,photo,https://pbs.twimg.com/media/GMIT2_sWkAAt1cg.jpg,Erik Hogeboom üå≥üí°,,,2024-04-27 00:02:42+00,0,0,1,https://twitter.com/erikhogeboom/status/1784010243556376966,11338942,erikhogeboom,541,2024-04-30 09:09:34.62065+00,https://twitter.com/search?q=%23groningen&src=typed_query
45624,result,57,0,,,,,,Moet om 4 uur in het Martini zh. zijn.  Eerst maar eens uitvogelen hoe ik  moet rijden üò± #Groningen https://t.co/8puWsXudJ8,1.78491790821413E+018,f,f,9,https://pbs.twimg.com/tweet_video_thumb/GMVNX0_WsAAJjbN.jpg,animated_gif,,,,,,,,,,,Evelien üçÄ,,,2024-04-29 12:09:26+00,0,0,9,https://twitter.com/EvelienEngelage/status/1784917908214132758,1.2044402171696E+018,EvelienEngelage,871,2024-04-30 09:09:34.863336+00,https://twitter.com/search?q=%23groningen&src=typed_query
45625,result,58,0,,,,,,Koningsdag 2024 in de stad Groningen (1/2).  #Koningsdag #KoningsdagGroningen #Groningen #StadGroningen #Oranje https://t.co/y7ERhnKT9U,1.78431200919595E+018,f,f,0,https://pbs.twimg.com/media/GMMmT1FWAAAKiKB.jpg,photo,https://pbs.twimg.com/media/GMMmT1FWAAAKiKB.jpg,https://pbs.twimg.com/media/GMMmT09WoAASKo3.jpg,photo,https://pbs.twimg.com/media/GMMmT09WoAASKo3.jpg,https://pbs.twimg.com/media/GMMmT1CXEAA44mm.jpg,photo,https://pbs.twimg.com/media/GMMmT1CXEAA44mm.jpg,https://pbs.twimg.com/media/GMMmT1fW4AECOG_.jpg,photo,https://pbs.twimg.com/media/GMMmT1fW4AECOG_.jpg,DuoFocus,,,2024-04-27 20:01:48+00,0,0,1,https://twitter.com/DuoFocus_Media/status/1784312009195950180,1.71103536986762E+018,DuoFocus_Media,295,2024-04-30 09:09:35.13135+00,https://twitter.com/search?q=%23groningen&src=typed_query
45626,result,59,0,,,,,,"Toch leuk, zulke sfeerverhogers op de vrijmarkt #Groningen. Man loopt langs en zegt tegen zoontje: ‚ÄúKijk, je zus komt ook!‚Äù üëçüèª https://t.co/CiMdWDMmDO",1.7841413221205E+018,f,f,0,https://pbs.twimg.com/media/GMKLEfSWUAAjFZU.jpg,photo,https://pbs.twimg.com/media/GMKLEfSWUAAjFZU.jpg,https://pbs.twimg.com/media/GMKLEfTWwAAGIF8.jpg,photo,https://pbs.twimg.com/media/GMKLEfTWwAAGIF8.jpg,https://pbs.twimg.com/media/GMKLEfTXMAAJ1c7.jpg,photo,https://pbs.twimg.com/media/GMKLEfTXMAAJ1c7.jpg,,,,Erik Hogeboom üå≥üí°,,,2024-04-27 08:43:33+00,0,0,0,https://twitter.com/erikhogeboom/status/1784141322120503443,11338942,erikhogeboom,297,2024-04-30 09:09:35.401121+00,https://twitter.com/search?q=%23groningen&src=typed_query
45627,result,60,0,,,,,,"@TheLightofK1 @volkskrant Those were the days, my friend We thought they'd never end. We'd sing and dance forever and a day. We'd live the life we choose, we'd fight and never lose. For we were young and sure to have our way... ü§†  #aardgas #groningen #goodolddays https://t.co/6DlSvLB04r",1.78451252226072E+018,f,f,1,https://pbs.twimg.com/media/GMPcrqlWEAAW7rH.jpg,photo,https://pbs.twimg.com/media/GMPcrqlWEAAW7rH.jpg,,,,,,,,,,Koelach,,,2024-04-28 09:18:34+00,0,0,0,https://twitter.com/Koelach/status/1784512522260722127,1.77378439934922E+018,Koelach,42,2024-04-30 09:09:35.742423+00,https://twitter.com/search?q=%23groningen&src=typed_query
45628,result,61,0,,,,,,"@NOS er wordt nog steeds gas gewonnen in #Groningen  De gaskraan is niet dicht, alleen die van het Groningerveld.  Weer een Groningse aardbeving, met een kracht van 1,8 bij Kommerzijl - https://t.co/JQnJOuuqFm",1.78522241576671E+018,f,f,0,,,,,,,,,,,,,HofmArd,,,2024-04-30 08:19:26+00,1,0,0,https://twitter.com/HofmArd/status/1785222415766712780,205314405,HofmArd,20,2024-04-30 09:09:36.043103+00,https://twitter.com/search?q=%23groningen&src=typed_query
45629,result,62,0,,,,,,"@Lelylijn Het opnemen van #Amsterdam - #Groningen - #Bremen - #Hamburg in het #TEN_T (uitgebreide) kernnetwerk als onderdeel van de ""Scandinavi√´ - Middellandse Zee""-corridor zou die corridor er als volgt uit laten zien. #connectingeurope #greendeal https://t.co/wTRuv74pmN",1.7837887986959E+018,f,f,2,https://pbs.twimg.com/media/GMFJ-myWsAAPmix.png,photo,https://pbs.twimg.com/media/GMFJ-myWsAAPmix.png,,,,,,,,,,Daniel,,,2024-04-26 09:22:45+00,0,1,1,https://twitter.com/DanielsTweeties/status/1783788798695895283,3393541169,DanielsTweeties,134,2024-04-30 09:09:36.294453+00,https://twitter.com/search?q=%23groningen&src=typed_query
45630,result,64,0,,,,,,Ik woon al 13 jaar in de binnenstad waarvan 10 met kinderen en toch heb ik vandaag een nieuwe speeltuin om de hoek ontdekt #Groningen #binnenstad https://t.co/NGRpM1DEGx,1.78456817166125E+018,f,f,2,https://pbs.twimg.com/media/GMQPSCqXkAEAtsX.jpg,photo,https://pbs.twimg.com/media/GMQPSCqXkAEAtsX.jpg,,,,,,,,,,Eva Teuling,,,2024-04-28 12:59:42+00,0,0,2,https://twitter.com/evateuling/status/1784568171661246680,130410209,evateuling,273,2024-04-30 09:09:36.874034+00,https://twitter.com/search?q=%23groningen&src=typed_query
45631,result,65,0,,,,,,Activiteit en geen in #Groningen. &gt; https://t.co/eNtQI5jj8E,1.78359164900993E+018,f,f,0,https://pbs.twimg.com/media/GMCXHPTXsAAZlWP.jpg,photo,https://pbs.twimg.com/media/GMCXHPTXsAAZlWP.jpg,https://pbs.twimg.com/media/GMCXIcKWYAAXbwt.jpg,photo,https://pbs.twimg.com/media/GMCXIcKWYAAXbwt.jpg,,,,,,,JW Slijm,,,2024-04-25 20:19:21+00,0,0,0,https://twitter.com/eurovermeer/status/1783591649009934521,192357257,eurovermeer,33,2024-04-30 09:09:37.161812+00,https://twitter.com/search?q=%23groningen&src=typed_query
45632,result,66,0,,,,,,Gewoon d'r op en d'r over! üíöü§ç #Groningen https://t.co/YL0QkQZEcQ,1.7838877554009E+018,f,f,21,https://pbs.twimg.com/media/GMGkdKlWsAAJX9P.jpg,photo,https://pbs.twimg.com/media/GMGkdKlWsAAJX9P.jpg,,,,,,,,,,betsygrunn üíöü§ç,,,2024-04-26 15:55:58+00,0,0,2,https://twitter.com/BetsyGrunn/status/1783887755400900937,1.15069482289587E+018,BetsyGrunn,602,2024-04-30 09:09:41.458767+00,https://twitter.com/search?q=%23groningen&src=typed_query
45633,result,67,0,,,,,,Een 44-jarige man uit Groningen is dinsdagochtend overleden bij een steekincident in een woning aan de Verlengde Frederiksstraat in #Groningen. De politie heeft na het steekincident een 46-jarige vrouw uit Groningen aangehouden als verdachte. De politie doet onderzoek. https://t.co/5oJWn6sNi4,1.78317924918203E+018,f,f,0,https://pbs.twimg.com/media/GL8gEoBW4AAUmlm.jpg,photo,https://pbs.twimg.com/media/GL8gEoBW4AAUmlm.jpg,https://pbs.twimg.com/media/GL8gEqLXMAAraK4.jpg,photo,https://pbs.twimg.com/media/GL8gEqLXMAAraK4.jpg,https://pbs.twimg.com/media/GL8gEoAWUAAsAiQ.jpg,photo,https://pbs.twimg.com/media/GL8gEoAWUAAsAiQ.jpg,https://pbs.twimg.com/media/GL8gEoJXUAEKCUV.jpg,photo,https://pbs.twimg.com/media/GL8gEoJXUAEKCUV.jpg,DuoFocus,,,2024-04-24 17:00:37+00,0,0,0,https://twitter.com/DuoFocus_Media/status/1783179249182027849,1.71103536986762E+018,DuoFocus_Media,77,2024-04-30 09:09:41.720436+00,https://twitter.com/search?q=%23groningen&src=typed_query
45634,result,69,0,,,,,,Hoorde een aardbeving vannacht? #groningen,1.78520320161398E+018,f,f,0,,,,,,,,,,,,,Wij van gisteren,,,2024-04-30 07:03:05+00,0,0,0,https://twitter.com/wijvangisteren/status/1785203201613979732,1.51167148250145E+018,wijvangisteren,19,2024-04-30 09:09:42.266014+00,https://twitter.com/search?q=%23groningen&src=typed_query
45635,result,70,0,,,,,,"Prachtige oude gravure, midden 19e eeuw, van het stadhuis die nog geen gesloten westwand had, en een Martini met nog een groot zadeldak. #Groningen https://t.co/yh96KlXT4w",1.78454662563484E+018,f,f,1,https://pbs.twimg.com/media/GMP7shkXgAAPMEs.jpg,photo,https://pbs.twimg.com/media/GMP7shkXgAAPMEs.jpg,,,,,,,,,,Henk Bakker,,,2024-04-28 11:34:05+00,0,0,0,https://twitter.com/hebawi/status/1784546625634840617,20498615,hebawi,88,2024-04-30 09:09:42.525418+00,https://twitter.com/search?q=%23groningen&src=typed_query
45636,result,71,0,,,,,,#koningsdag2024 #groningen #hondapispot https://t.co/w7IN4X8IDK,1.7843025966241E+018,f,f,0,https://pbs.twimg.com/media/GMMdwVbWMAATNze.jpg,photo,https://pbs.twimg.com/media/GMMdwVbWMAATNze.jpg,,,,,,,,,,Frank Endstein,,,2024-04-27 19:24:24+00,0,0,0,https://twitter.com/FrankEndstein/status/1784302596624101779,1.63128222942168E+018,FrankEndstein,57,2024-04-30 09:09:42.774033+00,https://twitter.com/search?q=%23groningen&src=typed_query
45637,result,72,0,,,,,,Lolly's performance.  #animalcrossing #animalcrossingnederland #animalcrossingnederlands #animalcrossingnl #animalcrossingnewhorizonsnederland #animalcrossingnewhorizonsnederlands #animalcrossingnewhorizonsnl #animalcrossingnewhorizons #streamwithjacques  #groningen #assen‚Ä¶ https://t.co/tNsyVJYcmz,1.78439445490162E+018,f,f,3,https://pbs.twimg.com/ext_tw_video_thumb/1784394413579341824/pu/img/en7PUSHKbv49V7XW.jpg,video,https://video.twimg.com/ext_tw_video/1784394413579341824/pu/vid/avc1/480x270/JILNg-fnZzpwQljz.mp4?tag=12,,,,,,,,,,Stream With Jacques,,,2024-04-28 01:29:25+00,0,0,0,https://twitter.com/StreamWithJacqu/status/1784394454901616653,1.49872099995678E+018,StreamWithJacqu,363,2024-04-30 09:09:43.061734+00,https://twitter.com/search?q=%23groningen&src=typed_query
45638,result,73,0,,,,,,Hoe belachelijk wil je het hebben? #groningen  https://t.co/kZoLRCthRx https://t.co/lfcC08JmcN,1.78380783587838E+018,f,f,0,https://pbs.twimg.com/media/GMFbwn5XkAE-j4y.jpg,photo,https://pbs.twimg.com/media/GMFbwn5XkAE-j4y.jpg,,,,,,,,,,Ingrid van der Aa,,,2024-04-26 10:38:24+00,0,0,0,https://twitter.com/IngridvdAa/status/1783807835878375714,169553334,IngridvdAa,26,2024-04-30 09:09:43.350391+00,https://twitter.com/search?q=%23groningen&src=typed_query
45639,result,75,0,,,,,,"Na #Groningen zijn nu Drenthe en Friesland aan de beurt met problemen door gaswinning.  Kans op natte voeten en mislukte oogst door uitbreiding gaswinning in grensregio, overheden in beroep https://t.co/UdZQnXd6pU #rtvdrenthe",1.78516929252413E+018,f,f,0,,,,,,,,,,,,,Lucie Wellink,,,2024-04-30 04:48:20+00,0,0,0,https://twitter.com/LucieWellink/status/1785169292524126461,1.47039204406979E+018,LucieWellink,10,2024-04-30 09:09:43.943554+00,https://twitter.com/search?q=%23groningen&src=typed_query
45640,result,76,0,,,,,,Kom je zaterdag 4 mei om 10.00 uur helpen 100 bessenstruiken te planten in #Westpark #Groningen? En na afloop samen genieten van een heerlijke gratis lunch bij #TuinInDeStad? Meld je dan aan bij https://t.co/cF5OS3M4uM https://t.co/SbnUQqoWPi,1.78490246462748E+018,f,f,4,https://pbs.twimg.com/media/GMU-gntXUAEBM1n.jpg,photo,https://pbs.twimg.com/media/GMU-gntXUAEBM1n.jpg,,,,,,,,,,Ineke Kouwenhoven,,,2024-04-29 11:08:04+00,0,2,1,https://twitter.com/IKouwenhoven/status/1784902464627478898,541266024,IKouwenhoven,276,2024-04-30 09:09:44.20262+00,https://twitter.com/search?q=%23groningen&src=typed_query
45641,result,78,0,,,,,,Lolly's performance.  #animalcrossing #animalcrossingnederland #animalcrossingnederlands #animalcrossingnl #animalcrossingnewhorizonsnederland #animalcrossingnewhorizonsnederlands #animalcrossingnewhorizonsnl #animalcrossingnewhorizons #streamwithjacques  #groningen #assen‚Ä¶ https://t.co/ojK3EwRBPr,1.78439568160138E+018,f,f,3,https://pbs.twimg.com/ext_tw_video_thumb/1784395652467740672/pu/img/aHsjFKhS5nUEQWWt.jpg,video,https://video.twimg.com/ext_tw_video/1784395652467740672/pu/vid/avc1/480x270/JyxUQU646-12y0Mi.mp4?tag=12,,,,,,,,,,Stream With Jacques,,,2024-04-28 01:34:17+00,0,0,0,https://twitter.com/StreamWithJacqu/status/1784395681601380643,1.49872099995678E+018,StreamWithJacqu,401,2024-04-30 09:09:44.714075+00,https://twitter.com/search?q=%23groningen&src=typed_query
45642,result,79,1,,,,,,".@telegraaf In NL verbruikte datacenters in 2023 de electriciteit van jaarlijkse verbruik 1,8 miljoen huishoudens Er zijn nu tien datacentra in aanbouw bij TenneT en Eneco‚Äôs met tenminste verbruik electriciteit gelijk aan 1,98 miljoen huishoudens #groningen https://t.co/pqRXsG4gQU",1.78282490317283E+018,f,f,1,https://pbs.twimg.com/media/GL3dzElWgAE_MGa.jpg,photo,https://pbs.twimg.com/media/GL3dzElWgAE_MGa.jpg,,,,,,,,,,Macha Roesink,,,2024-04-23 17:32:34+00,1,1,2,https://twitter.com/macharoesink/status/1782824903172825326,34236869,macharoesink,732,2024-04-30 09:09:44.973683+00,https://twitter.com/search?q=%23groningen&src=typed_query
45643,result,80,0,,,,,,"#Tinyhouses #Westpark #Groningen Het lijkt wel Pasen hier. üòÇ Overal ontdekken buren eieren van onze loopeenden, eenden en kippen. Heel veel eieren. üòÄ https://t.co/nUv3lY1bWM",1.78418519948959E+018,f,f,15,https://pbs.twimg.com/media/GMKy5mGXsAAlv6j.jpg,photo,https://pbs.twimg.com/media/GMKy5mGXsAAlv6j.jpg,,,,,,,,,,Ineke Kouwenhoven,,,2024-04-27 11:37:54+00,0,0,1,https://twitter.com/IKouwenhoven/status/1784185199489589507,541266024,IKouwenhoven,277,2024-04-30 09:09:45.211888+00,https://twitter.com/search?q=%23groningen&src=typed_query
45644,result,81,0,,,,,,"Ha, droge voeten #Westpark #Groningen https://t.co/5dxyegx1MI",1.78352934113919E+018,f,f,7,https://pbs.twimg.com/media/GMBeeO4WMAAG9mj.jpg,photo,https://pbs.twimg.com/media/GMBeeO4WMAAG9mj.jpg,,,,,,,,,,Frans Kerver,,,2024-04-25 16:11:45+00,0,0,1,https://twitter.com/vetteviscom/status/1783529341139185841,234788772,vetteviscom,267,2024-04-30 09:09:45.467258+00,https://twitter.com/search?q=%23groningen&src=typed_query
45645,result,82,0,,,,,,Renee's performance.  #animalcrossing #animalcrossingnederland #animalcrossingnederlands #animalcrossingnl #animalcrossingnewhorizonsnederland #animalcrossingnewhorizonsnederlands #animalcrossingnewhorizonsnl #animalcrossingnewhorizons #streamwithjacques  #groningen #assen‚Ä¶ https://t.co/LsBK25LPP6,1.78439519625321E+018,f,f,2,https://pbs.twimg.com/ext_tw_video_thumb/1784395171863355392/pu/img/3iJg1LEUAZn0chIi.jpg,video,https://video.twimg.com/ext_tw_video/1784395171863355392/pu/vid/avc1/480x270/09ENph0VPSwhaaif.mp4?tag=12,,,,,,,,,,Stream With Jacques,,,2024-04-28 01:32:21+00,0,0,0,https://twitter.com/StreamWithJacqu/status/1784395196253213023,1.49872099995678E+018,StreamWithJacqu,95,2024-04-30 09:09:45.844452+00,https://twitter.com/search?q=%23groningen&src=typed_query
45646,result,83,0,,,,,,On cozy boat part 1.  #animalcrossing #animalcrossingnederland #animalcrossingnederlands #animalcrossingnl #animalcrossingnewhorizonsnederland #animalcrossingnewhorizonsnederlands #animalcrossingnewhorizonsnl #animalcrossingnewhorizons #streamwithjacques  #groningen #assen‚Ä¶ https://t.co/6CjlwXdRYX,1.78439475587655E+018,f,f,2,https://pbs.twimg.com/ext_tw_video_thumb/1784394715758002176/pu/img/T4ySL2bKiiYmhVt-.jpg,video,https://video.twimg.com/ext_tw_video/1784394715758002176/pu/vid/avc1/480x270/jwPB8lWV9Uj14oAc.mp4?tag=12,,,,,,,,,,Stream With Jacques,,,2024-04-28 01:30:36+00,0,0,0,https://twitter.com/StreamWithJacqu/status/1784394755876545017,1.49872099995678E+018,StreamWithJacqu,86,2024-04-30 09:09:46.141354+00,https://twitter.com/search?q=%23groningen&src=typed_query
45647,result,84,0,,,,,,On cozy boat part 2.  #animalcrossing #animalcrossingnederland #animalcrossingnederlands #animalcrossingnl #animalcrossingnewhorizonsnederland #animalcrossingnewhorizonsnederlands #animalcrossingnewhorizonsnl #animalcrossingnewhorizons #streamwithjacques  #groningen #assen‚Ä¶ https://t.co/WCcNFykcsj,1.78439492712152E+018,f,f,2,https://pbs.twimg.com/ext_tw_video_thumb/1784394889347629056/pu/img/pPnejHogyAWVf9ZK.jpg,video,https://video.twimg.com/ext_tw_video/1784394889347629056/pu/vid/avc1/480x270/VgCoHMM5IJFhCUzd.mp4?tag=12,,,,,,,,,,Stream With Jacques,,,2024-04-28 01:31:17+00,0,0,0,https://twitter.com/StreamWithJacqu/status/1784394927121523192,1.49872099995678E+018,StreamWithJacqu,87,2024-04-30 09:09:46.44811+00,https://twitter.com/search?q=%23groningen&src=typed_query
45648,result,85,0,,,,,,"Inmiddels behoorlijk wat meldingen verder in  de noodhulp: o.a. geluidsoverlast Billitonstraat, inbraak aan de Zonnelaan, poging diefstal velgen aan de Gideonweg, vermissing 14 jarige jongen die gelukkig (!) weer terecht is, brand in een meterkast aan de Lindelaan etc. #Groningen https://t.co/kH3XZie0Qz",1.78416742775804E+018,f,f,14,https://pbs.twimg.com/media/GMKizcVX0AAllSn.jpg,photo,https://pbs.twimg.com/media/GMKizcVX0AAllSn.jpg,https://pbs.twimg.com/media/GMKi0D9XwAApbiQ.jpg,photo,https://pbs.twimg.com/media/GMKi0D9XwAApbiQ.jpg,,,,,,,Operationeel Expert Siard Heidanus,,,2024-04-27 10:27:17+00,0,1,1,https://twitter.com/WA_Korrewegwijk/status/1784167427758035349,380925484,WA_Korrewegwijk,1717,2024-04-30 09:09:46.699021+00,https://twitter.com/search?q=%23groningen&src=typed_query
45649,result,86,0,,,,,,"Wat denkt u? Was het met een mogelijke GROTE ramp door een #aardbeving in #Groningen al 5 voor 12? Of, al 1 voor 12?  We zullen het vermoedelijk nooit te weten komen.... Maar, de MijnbouwEllende gaat nog jaren door! https://t.co/UDHeVEaM5N",1.78390425688332E+018,f,f,0,https://pbs.twimg.com/media/GMGzdk4XcAE-lUF.jpg,photo,https://pbs.twimg.com/media/GMGzdk4XcAE-lUF.jpg,,,,,,,,,,John Martin Lanting üí™üí™üëä,,,2024-04-26 17:01:32+00,0,1,0,https://twitter.com/JohnLanting6/status/1783904256883323166,1510205268,JohnLanting6,94,2024-04-30 09:09:46.951908+00,https://twitter.com/search?q=%23groningen&src=typed_query
45650,result,87,0,,,,,,"Niet echt een oordeel over het geheugenpaviljoen, maar procesmatig is het allemaal een beetje knullig natuurlijk in #Groningen. https://t.co/LsfnYnwIUU",1.78346475538813E+018,f,f,1,https://pbs.twimg.com/media/GMAdkqHXQAAJ5WP.jpg,photo,https://pbs.twimg.com/media/GMAdkqHXQAAJ5WP.jpg,,,,,,,,,,Klaas Kloosterman,,,2024-04-25 11:55:07+00,0,0,0,https://twitter.com/Leedsizzer/status/1783464755388129738,151141087,Leedsizzer,122,2024-04-30 09:09:47.205824+00,https://twitter.com/search?q=%23groningen&src=typed_query
45651,result,88,0,,,,,,Want hun voorgangers deden dat tenslotte helemaal niet...  #toeslagschandaal #Groningen #Coronamaatregelen #,1.78376107349919E+018,f,t,0,,,,,,,,,,,,,J E S S I C A ‚ôâ,,,2024-04-26 07:32:35+00,0,0,1,https://twitter.com/jesss1905/status/1783761073499193777,307342199,jesss1905,48,2024-04-30 09:09:52.564336+00,https://twitter.com/search?q=%23groningen&src=typed_query
45652,result,89,0,,,,,,Moose's performance.  #animalcrossing #animalcrossingnederland #animalcrossingnederlands #animalcrossingnl #animalcrossingnewhorizonsnederland #animalcrossingnewhorizonsnederlands #animalcrossingnewhorizonsnl #animalcrossingnewhorizons #streamwithjacques  #groningen #assen‚Ä¶ https://t.co/wmcz7DflrR,1.78439536724661E+018,f,f,2,https://pbs.twimg.com/ext_tw_video_thumb/1784395334413697024/pu/img/FSmp5DJ3uAIjHF4Z.jpg,video,https://video.twimg.com/ext_tw_video/1784395334413697024/pu/vid/avc1/480x270/XnlhuNpD5mXCd5Di.mp4?tag=12,,,,,,,,,,Stream With Jacques,,,2024-04-28 01:33:02+00,0,0,0,https://twitter.com/StreamWithJacqu/status/1784395367246610879,1.49872099995678E+018,StreamWithJacqu,91,2024-04-30 09:09:52.907474+00,https://twitter.com/search?q=%23groningen&src=typed_query
45653,result,91,0,,,,,,Spanning? #Groningen,1.78390868191599E+018,f,f,1,,,,,,,,,,,,,Lanting,,,2024-04-26 17:19:07+00,0,0,1,https://twitter.com/supp050/status/1783908681915986162,233664342,supp050,67,2024-04-30 09:09:53.51157+00,https://twitter.com/search?q=%23groningen&src=typed_query
45654,result,92,4,,,,,,üá≥üá± #Willem - #Groningen  ƒ∞Y 0.5 √úST üèÜ  ƒ∞Y 1 √úST üèÜ  2 √úST üèÜ  2.5 √úST üèÜ  tercihinize g√∂re deƒüerlendirin. https://t.co/D9fFNzMmvU,1.78389843903972E+018,f,f,4,https://pbs.twimg.com/media/GMGuLTjXUAAx4jK.png,photo,https://pbs.twimg.com/media/GMGuLTjXUAAx4jK.png,,,,,,,,,,Kƒ∞NGLARU,,,2024-04-26 16:38:25+00,0,0,0,https://twitter.com/kinglaru/status/1783898439039721976,1.77560627385088E+018,kinglaru,75,2024-04-30 09:09:53.821695+00,https://twitter.com/search?q=%23groningen&src=typed_query
45655,result,93,0,,,,,,Good job mike.  #DisneyDreamlightValley #teamDisneyDreamlightValley #DisneyDreamlightValleynederland #DisneyDreamlightValleynederlands #DisneyDreamlightValleynl #streamwithjacques #groningen #assen #nederland #nederlands #Rotterdam #Amsterdam https://t.co/dMxQOiCDPd,1.7825230481988E+018,f,f,2,https://pbs.twimg.com/media/GLzLQ1uXIAAOiJa.jpg,photo,https://pbs.twimg.com/media/GLzLQ1uXIAAOiJa.jpg,,,,,,,,,,Stream With Jacques,,,2024-04-22 21:33:07+00,0,0,0,https://twitter.com/StreamWithJacqu/status/1782523048198799631,1.49872099995678E+018,StreamWithJacqu,126,2024-04-30 09:09:54.117442+00,https://twitter.com/search?q=%23groningen&src=typed_query
45656,result,94,0,,,,,,In de bebouwde kom #Groningen https://t.co/V3HcIuubea,1.7849172885561E+018,f,f,4,https://pbs.twimg.com/media/GMVMzTNWEAAE-fa.jpg,photo,https://pbs.twimg.com/media/GMVMzTNWEAAE-fa.jpg,,,,,,,,,,Mobile Annie üíÉüèºüíîü™´,,,2024-04-29 12:06:58+00,0,0,0,https://twitter.com/MobieleAnnie/status/1784917288556097906,1.48154070570516E+018,MobieleAnnie,137,2024-04-30 09:09:54.403555+00,https://twitter.com/search?q=%23groningen&src=typed_query
45657,result,95,0,,,,,,#Subsidie #WaterstofElectrolyse #Groningen https://t.co/TOLLO2fb7Q,1.78521272385007E+018,f,f,0,,,,,,,,,,,,,Mona van der Smitte üê¶,,,2024-04-30 07:40:55+00,0,0,0,https://twitter.com/MonaSmitte/status/1785212723850068317,1.19747267967207E+018,MonaSmitte,5,2024-04-30 09:09:54.687727+00,https://twitter.com/search?q=%23groningen&src=typed_query
45658,result,96,0,,,,,,"Goeiemorgen,  #camer_a_pril #waterspiegel  Foto #Reitdiep #Groningen https://t.co/yee1gfigwl",1.7830051320131E+018,f,f,39,https://pbs.twimg.com/media/GL6Bt_YXYAAc9QI.jpg,photo,https://pbs.twimg.com/media/GL6Bt_YXYAAc9QI.jpg,,,,,,,,,,Loes Coelman,,,2024-04-24 05:28:44+00,0,0,3,https://twitter.com/loose_n_cool/status/1783005132013101170,9.40244774069686E+017,loose_n_cool,449,2024-04-30 09:09:54.9506+00,https://twitter.com/search?q=%23groningen&src=typed_query
45659,result,97,0,,,,,,Zwaargewonde bij steekpartij Verlengde Frederikstraat #Groningen  https://t.co/PbDPauMmux,1.78267778187409E+018,f,f,1,,,,,,,,,,,,,112Online,,,2024-04-23 07:47:58+00,0,0,0,https://twitter.com/112Onlinenl/status/1782677781874094103,1.77256458856472E+018,112Onlinenl,75,2024-04-30 09:09:55.20699+00,https://twitter.com/search?q=%23groningen&src=typed_query
45660,result,98,1,,,,,,Derk vroeg mensen vrijdag naar hun Koningsdagplannen. üß°üëëüáßüá∂ Wat zijn die van jou? #rtvnoord #koningsdag #veendam #groningen https://t.co/0EP02FzIwp,1.78415121272975E+018,f,f,2,https://pbs.twimg.com/amplify_video_thumb/1784151018013364224/img/EKQuett8QUmJP5Jo.jpg,video,https://video.twimg.com/amplify_video/1784151018013364224/vid/avc1/320x568/3iZEn69GPqAEPgAS.mp4?tag=14,,,,,,,,,,RTV Noord,,,2024-04-27 09:22:51+00,1,0,1,https://twitter.com/rtvnoord/status/1784151212729749959,14907733,rtvnoord,4993,2024-04-30 09:09:55.495705+00,https://twitter.com/search?q=%23groningen&src=typed_query
45661,result,100,0,,,,,,#zonsopkomst voor 6.30 (!) in #Groningen. &gt; https://t.co/J9GMOzakcD,1.78489196567633E+018,f,f,0,https://pbs.twimg.com/media/GMU1wkaW4AAu_Lp.jpg,photo,https://pbs.twimg.com/media/GMU1wkaW4AAu_Lp.jpg,,,,,,,,,,JW Slijm,,,2024-04-29 10:26:20+00,0,0,0,https://twitter.com/eurovermeer/status/1784891965676331153,192357257,eurovermeer,23,2024-04-30 09:09:56.042612+00,https://twitter.com/search?q=%23groningen&src=typed_query
45662,result,102,0,,,,,,"Graag een eerlijk antwoord @WelkomGasberaad @StasMijnbouw  Er wordt al gesproken over WWIII, die er aan staat te komen? Wat denken jullie? Gaat de gaskraan dan weer open? Dan beslist de #EU dat het Groningen-Veld weer open gaat?üòâ  https://t.co/70MIdE1kIS #Groningen  #WWIII https://t.co/g7UOVnIeOv",1.78482220035829E+018,f,t,1,https://pbs.twimg.com/media/GMT2UeRWIAA-5Gx.jpg,photo,https://pbs.twimg.com/media/GMT2UeRWIAA-5Gx.jpg,https://pbs.twimg.com/media/GMT2Ue-WQAAPL07.jpg,photo,https://pbs.twimg.com/media/GMT2Ue-WQAAPL07.jpg,https://pbs.twimg.com/media/GMT2Um6W0AA_ach.jpg,photo,https://pbs.twimg.com/media/GMT2Um6W0AA_ach.jpg,https://pbs.twimg.com/media/GMT2UwIWcAEzT6A.jpg,photo,https://pbs.twimg.com/media/GMT2UwIWcAEzT6A.jpg,John Martin Lanting üí™üí™üëä,https://twitter.com/JohnLanting6/status/Field,1.78458564278718E+018,2024-04-29 05:49:07+00,0,1,0,https://twitter.com/JohnLanting6/status/1784822200358289751,1510205268,JohnLanting6,163,2024-04-30 09:09:56.594567+00,https://twitter.com/search?q=%23groningen&src=typed_query
45663,result,103,0,,,,,,#daargaanweweer#aardbeving #groningen,1.78520876824805E+018,f,t,0,,,,,,,,,,,,,astrid derksen-goed,https://twitter.com/AardbevingNL/status/Field,1.78508417556698E+018,2024-04-30 07:25:12+00,0,0,0,https://twitter.com/astridderksen/status/1785208768248053927,97883108,astridderksen,17,2024-04-30 09:09:56.875722+00,https://twitter.com/search?q=%23groningen&src=typed_query
45664,result,104,0,,,,,,Beving van 1.5 bij Usquert   #aardbeving #usquert #groningen  https://t.co/GbfXNvPo5B,1.78496533227831E+018,f,f,5,,,,,,,,,,,,,Groninger Gasberaad,,,2024-04-29 15:17:52+00,0,5,1,https://twitter.com/WelkomGasberaad/status/1784965332278313027,4868655382,WelkomGasberaad,442,2024-04-30 09:09:57.161538+00,https://twitter.com/search?q=%23groningen&src=typed_query
45665,result,105,0,,,,,,TBTF Lab Bot(beta)       ‚öΩ AI HDC Pick ‚öΩ       #Eerste  #WILGRO #WILvGRO #WILxGRO  AI HDC Pick: #Groningen -0.25  #FootballTips https://t.co/GXN4SxEJAq,1.78391001824221E+018,f,f,0,https://pbs.twimg.com/media/GMG4tL6WoAAgJOG.jpg,photo,https://pbs.twimg.com/media/GMG4tL6WoAAgJOG.jpg,https://pbs.twimg.com/media/GMG4tUfWgAEltCc.jpg,photo,https://pbs.twimg.com/media/GMG4tUfWgAEltCc.jpg,,,,,,,TBTF Lab,,,2024-04-26 17:24:26+00,0,0,0,https://twitter.com/TBTF_Lab/status/1783910018242207982,1.18814564087578E+018,TBTF_Lab,250,2024-04-30 09:09:57.434249+00,https://twitter.com/search?q=%23groningen&src=typed_query
45666,result,107,0,,,,,,"Goedenavond allemaal, vandaag mag ik dan de laatste late dienst van deze serie van 5 gaan doen.  Ook deze is weer erg laat,maar wel met mooie inhoud en niet zo heel erg langüòâ. Ik ga vandaag naar #AmersfoortCS, #Groningen en via #Amersfoort Schothorst en #Schiphol weer naar #Hfdo https://t.co/H4o78GPH7V",1.78280355799496E+018,f,f,22,https://pbs.twimg.com/media/GL3KYaKXsAA4mip.jpg,photo,https://pbs.twimg.com/media/GL3KYaKXsAA4mip.jpg,,,,,,,,,,sabine ramp,,,2024-04-23 16:07:45+00,0,0,5,https://twitter.com/sabineramp1985/status/1782803557994954988,466479978,sabineramp1985,936,2024-04-30 09:10:03.563326+00,https://twitter.com/search?q=%23groningen&src=typed_query
45667,result,108,0,,,,,,"Maar goed dat we #Groningen gesloten hebben. Gas is niet belangrijk en indien nodig, laten we het lekker duur inkopen uit het buiteneland. ü§°  Provincie Utrecht grijpt terug naar gas vanwege overvol stroomnet /via @NOS https://t.co/418Yw6EUT3",1.78343948647232E+018,f,f,21,,,,,,,,,,,,,Rob,,,2024-04-25 10:14:42+00,1,9,2,https://twitter.com/Robbynho_golf2/status/1783439486472319454,1.58552732407797E+018,Robbynho_golf2,454,2024-04-30 09:10:03.801613+00,https://twitter.com/search?q=%23groningen&src=typed_query
45668,result,110,0,,,,,,#Zomer #Zonnetje #Speeltoestel #Kinderen #Kids #BuitenSpelen #Voorjaar #Glijbaan #Schommel #Groningen #Friesland #Drenthe #Veendam #ParkstadVeendam https://t.co/2CSTv7Fi8D https://t.co/PSLzKQWswA,1.78489628992828E+018,f,f,0,https://pbs.twimg.com/media/GMU5tv-WEAAd2tj.jpg,photo,https://pbs.twimg.com/media/GMU5tv-WEAAd2tj.jpg,,,,,,,,,,Acta Speelgoed,,,2024-04-29 10:43:31+00,1,0,0,https://twitter.com/Acta_Speelgoed/status/1784896289928278266,1.73900700267883E+018,Acta_Speelgoed,64,2024-04-30 09:10:04.323244+00,https://twitter.com/search?q=%23groningen&src=typed_query
45669,result,111,0,,,,,,Reitdiep #Groningen #photograghy #photo #nofilter https://t.co/h5jlPjqFd2,1.78302029758455E+018,f,f,2,https://pbs.twimg.com/media/GL6PguBXwAEpTXN.jpg,photo,https://pbs.twimg.com/media/GL6PguBXwAEpTXN.jpg,,,,,,,,,,ùî∏ùïüùïüùïñ-ùïÉùïöùïñùï§,,,2024-04-24 06:29:00+00,0,0,0,https://twitter.com/Annie_N74/status/1783020297584550307,300895979,Annie_N74,41,2024-04-30 09:10:04.567419+00,https://twitter.com/search?q=%23groningen&src=typed_query
45670,result,112,0,,,,,,Kringloop Aduard. #hangar050 #kringloop #brocante #aduard #groningen https://t.co/9H5JBz9zf6,1.78388475388989E+018,f,f,1,https://pbs.twimg.com/media/GMGhunyWQAAejnu.jpg,photo,https://pbs.twimg.com/media/GMGhunyWQAAejnu.jpg,https://pbs.twimg.com/media/GMGhunrWYAAc1Gg.jpg,photo,https://pbs.twimg.com/media/GMGhunrWYAAc1Gg.jpg,https://pbs.twimg.com/media/GMGhuo7XwAE8HLK.jpg,photo,https://pbs.twimg.com/media/GMGhuo7XwAE8HLK.jpg,https://pbs.twimg.com/media/GMGhupKXAAATP4h.jpg,photo,https://pbs.twimg.com/media/GMGhupKXAAATP4h.jpg,Janneke Smit-deWeerd üá∫üá¶,,,2024-04-26 15:44:02+00,0,0,1,https://twitter.com/Janneke_sdw/status/1783884753889894626,463930764,Janneke_sdw,86,2024-04-30 09:10:04.814589+00,https://twitter.com/search?q=%23groningen&src=typed_query
45671,result,113,0,,,,,,#Tinyhouses #Westpark #Groningen Buurman heeft een paartje zeldzame staartmeestjes gesignaleerd op ons terrein. Een beschermde diersoort dus daar moeten we zuinig op zijn. https://t.co/CUoKYkHdXR,1.78318320576541E+018,f,f,11,https://pbs.twimg.com/media/GL8jeCDWMAAzZEF.jpg,photo,https://pbs.twimg.com/media/GL8jeCDWMAAzZEF.jpg,,,,,,,,,,Ineke Kouwenhoven,,,2024-04-24 17:16:20+00,0,0,2,https://twitter.com/IKouwenhoven/status/1783183205765411040,541266024,IKouwenhoven,252,2024-04-30 09:10:05.06995+00,https://twitter.com/search?q=%23groningen&src=typed_query
45672,result,115,0,,,,,,"Na gelijkspel van #WilGro had het toch niks meer uitgemaakt of je nu gelijk speelt of wint bij jong Ajax. We moeten nu volgende week winnen van #Cambuur en dan mogen we gewoon gelijk spelen tegen #Groningen.  Niets meer er niets minder, toch ?üò¨ #Rodajc",1.78395898147754E+018,f,f,5,,,,,,,,,,,,,Paul,,,2024-04-26 20:39:00+00,0,0,3,https://twitter.com/Drlimer/status/1783958981477544113,823804064,Drlimer,2219,2024-04-30 09:10:05.61662+00,https://twitter.com/search?q=%23groningen&src=typed_query
45673,result,117,0,,,,,,Het blijft in dat kader wel opmerkelijk dat we de gaspitten in #groningen dicht gooien met #beton.,1.783721656462E+018,f,t,0,,,,,,,,,,,,,Arend Nagel,https://twitter.com/henkvermeer/status/Field,1.78347986979752E+018,2024-04-26 04:55:57+00,0,0,0,https://twitter.com/arendnagel/status/1783721656462000226,27617636,arendnagel,69,2024-04-30 09:10:06.187146+00,https://twitter.com/search?q=%23groningen&src=typed_query
45674,result,118,0,,,,,,"Wie zien/horen er zoveel mogelijk vogelsoorten op 1 dag in de provincie #Groningen? De jaarlijkse Avifauna autoloze ""Big Day"" wordt gehouden op zaterdag 18 mei. Geef je nu op als tweetal. Voor alle  informatie zie: https://t.co/KtOATUZwyJ https://t.co/YfCOWYNH4Q",1.78388229278976E+018,f,f,8,https://pbs.twimg.com/media/GMGffHOXgAEsCUH.jpg,photo,https://pbs.twimg.com/media/GMGffHOXgAEsCUH.jpg,,,,,,,,,,Avifauna Groningen,,,2024-04-26 15:34:16+00,1,3,0,https://twitter.com/AvifaunaGrunn/status/1783882292789756171,42592412,AvifaunaGrunn,641,2024-04-30 09:10:06.45088+00,https://twitter.com/search?q=%23groningen&src=typed_query
45675,result,119,1,,,,,,Tja ...iets met een laag beton enzo ü§¶‚Äç‚ôÄÔ∏è#Groningen,1.78347344084806E+018,f,t,29,,,,,,,,,,,,,üåç Gaia of the Universe üåç,https://twitter.com/NOS/status/Field,1.7834330671362E+018,2024-04-25 12:29:38+00,0,6,4,https://twitter.com/Gaia_Universe/status/1783473440848056544,2602166576,Gaia_Universe,619,2024-04-30 09:10:06.747162+00,https://twitter.com/search?q=%23groningen&src=typed_query
45676,result,120,0,,,,,,Overigens dient dit nieuwe gedeelte vanavond gelijk als dansvloer voor Koningsnacht #Groningen https://t.co/MoVDpvLKnP,1.78388347149817E+018,f,f,2,https://pbs.twimg.com/media/GMGgjpvXEAAT6cj.jpg,photo,https://pbs.twimg.com/media/GMGgjpvXEAAT6cj.jpg,,,,,,,,,,Erik Hogeboom üå≥üí°,,,2024-04-26 15:38:57+00,0,0,0,https://twitter.com/erikhogeboom/status/1783883471498166547,11338942,erikhogeboom,218,2024-04-30 09:10:07.002977+00,https://twitter.com/search?q=%23groningen&src=typed_query
45677,result,121,1,,,,,,"@Lelylijn Vanuit het Min. I&amp;W is recentelijk al aangegeven welke TEN-T corridor voor de hand ligt om de #Lelylijn als deel van #Amsterdam - #Groningen - #Bremen in op te nemen: de ""Scandinavi√´ - Middelandse Zee""-corridor. https://t.co/Jn5SgK842p https://t.co/4lab9TEKg7",1.78341848941744E+018,f,f,5,https://pbs.twimg.com/media/GL_44jjWIAAdavm.png,photo,https://pbs.twimg.com/media/GL_44jjWIAAdavm.png,https://pbs.twimg.com/media/GL_5fJ7WYAADxDK.png,photo,https://pbs.twimg.com/media/GL_5fJ7WYAADxDK.png,,,,,,,Daniel,,,2024-04-25 08:51:16+00,1,1,1,https://twitter.com/DanielsTweeties/status/1783418489417437667,3393541169,DanielsTweeties,237,2024-04-30 09:10:07.276827+00,https://twitter.com/search?q=%23groningen&src=typed_query
45678,result,122,0,,,,,,Gezellige drukte op Nassauplein in #Groningen https://t.co/8C3OEqPlmQ,1.78416998385073E+018,f,f,3,https://pbs.twimg.com/media/GMKlIrIX0AAmlnR.jpg,photo,https://pbs.twimg.com/media/GMKlIrIX0AAmlnR.jpg,https://pbs.twimg.com/media/GMKlIrOXYAAMXOq.jpg,photo,https://pbs.twimg.com/media/GMKlIrOXYAAMXOq.jpg,https://pbs.twimg.com/media/GMKlIrGXcAA3Qhl.jpg,photo,https://pbs.twimg.com/media/GMKlIrGXcAA3Qhl.jpg,https://pbs.twimg.com/media/GMKlIrIWUAA8l5_.jpg,photo,https://pbs.twimg.com/media/GMKlIrIWUAA8l5_.jpg,Erik Hogeboom üå≥üí°,,,2024-04-27 10:37:27+00,0,0,0,https://twitter.com/erikhogeboom/status/1784169983850734009,11338942,erikhogeboom,334,2024-04-30 09:10:07.555942+00,https://twitter.com/search?q=%23groningen&src=typed_query
45679,result,123,0,,,,,,Domste beslissing ooit. Daar gaan wij net zo'n spijt van krijgen als #duitsland nu heeft na sluiten #kerncentrales. #gaskraan #groningen. Bedankt voor het wanbeleid al die jaren. https://t.co/Rd9nygc0Kp,1.78486353203239E+018,f,f,0,,,,,,,,,,,,,Odile DeFraye,,,2024-04-29 08:33:21+00,0,0,0,https://twitter.com/OdileDeFraye/status/1784863532032389374,48822675,OdileDeFraye,35,2024-04-30 09:10:07.800453+00,https://twitter.com/search?q=%23groningen&src=typed_query
45680,result,124,0,,,,,,"O ja, @SchokkendGronin deed echt v√©√©l meer dan actievoeren &amp; politici spreken Organiseerden ook informatiebijeenkomsten, zoals deze met drs. Peter van der Gaag op 12 april 2014 https://t.co/9Xoup8J3WR  Gaswinning #Groningen  Ere wie ere toekomt Eerherstel voor Schokkend Groningen https://t.co/7zYWr80Sdl",1.78338254510875E+018,f,f,0,https://pbs.twimg.com/media/GL_Y90uWMAAylFF.jpg,photo,https://pbs.twimg.com/media/GL_Y90uWMAAylFF.jpg,https://pbs.twimg.com/media/GL_Y96yWMAEzhV3.jpg,photo,https://pbs.twimg.com/media/GL_Y96yWMAEzhV3.jpg,https://pbs.twimg.com/media/GL_Y9-vW4AA-1Rk.jpg,photo,https://pbs.twimg.com/media/GL_Y9-vW4AA-1Rk.jpg,https://pbs.twimg.com/media/GL_Y-KbWoAA6vPT.jpg,photo,https://pbs.twimg.com/media/GL_Y-KbWoAA6vPT.jpg,John Martin Lanting üí™üí™üëä,,,2024-04-25 06:28:27+00,0,1,0,https://twitter.com/JohnLanting6/status/1783382545108754544,1510205268,JohnLanting6,57,2024-04-30 09:10:13.181281+00,https://twitter.com/search?q=%23groningen&src=typed_query
45681,result,125,4,,,,,,üá≥üá± #Willem - #Groningen  Rolling 3  DEP 0.5 √úST üèÜ (1.47) https://t.co/d57RpDd8sy,1.78392711994641E+018,f,f,4,https://pbs.twimg.com/media/GMHIQeLXMAAuCme.jpg,photo,https://pbs.twimg.com/media/GMHIQeLXMAAuCme.jpg,,,,,,,,,,Kƒ∞NGLARU,,,2024-04-26 18:32:23+00,1,0,0,https://twitter.com/kinglaru/status/1783927119946412166,1.77560627385088E+018,kinglaru,62,2024-04-30 09:10:13.422146+00,https://twitter.com/search?q=%23groningen&src=typed_query
45682,result,126,0,,,,,,Lekker druk al in #Groningen op de vrijmarkten #rtvnoord https://t.co/9chMc3q7fu,1.78414109703318E+018,f,f,0,https://pbs.twimg.com/media/GMKK3YYW8AAN_4l.jpg,photo,https://pbs.twimg.com/media/GMKK3YYW8AAN_4l.jpg,https://pbs.twimg.com/media/GMKK3YeX0AASVt-.jpg,photo,https://pbs.twimg.com/media/GMKK3YeX0AASVt-.jpg,https://pbs.twimg.com/media/GMKK3YgWEAAEaDT.jpg,photo,https://pbs.twimg.com/media/GMKK3YgWEAAEaDT.jpg,https://pbs.twimg.com/media/GMKK3YgXAAAIGjZ.jpg,photo,https://pbs.twimg.com/media/GMKK3YgXAAAIGjZ.jpg,Erik Hogeboom üå≥üí°,,,2024-04-27 08:42:39+00,0,0,0,https://twitter.com/erikhogeboom/status/1784141097033179466,11338942,erikhogeboom,196,2024-04-30 09:10:13.673208+00,https://twitter.com/search?q=%23groningen&src=typed_query
45683,result,127,0,,,,,,"Draadje over de #garnalenvisserij. Belangrijk voor #Groningen, Nederland en voor #voedselvoorziening. Ook #visafslag, #havens, #visverwerkendeindustrie, #toeleveranciers en #transportsector worden meegezogen. Waar is de menselijke maat gebleven bij @ministerlnv?  #killesanering https://t.co/1U2lgHR9yS",1.78421525286903E+018,f,t,5,https://pbs.twimg.com/media/GMLOUJ_WoAEn-rt.jpg,photo,https://pbs.twimg.com/media/GMLOUJ_WoAEn-rt.jpg,https://pbs.twimg.com/media/GMLOUJ-XIAALnpH.jpg,photo,https://pbs.twimg.com/media/GMLOUJ-XIAALnpH.jpg,,,,,,,Ingrid,https://twitter.com/eddie_marum/status/Field,1.78414095137759E+018,2024-04-27 13:37:20+00,0,0,0,https://twitter.com/IngridC73/status/1784215252869030214,1.55913410383172E+018,IngridC73,184,2024-04-30 09:10:13.918201+00,https://twitter.com/search?q=%23groningen&src=typed_query
45684,result,129,0,,,,,,#daargaanweweer #aardbeving #groningen de 2e deze nacht,1.78520892102141E+018,f,t,0,,,,,,,,,,,,,astrid derksen-goed,https://twitter.com/AardbevingNL/status/Field,1.78510933665982E+018,2024-04-30 07:25:49+00,0,0,0,https://twitter.com/astridderksen/status/1785208921021411374,97883108,astridderksen,27,2024-04-30 09:10:14.446625+00,https://twitter.com/search?q=%23groningen&src=typed_query
45685,result,131,0,,,,,,Mooi dat de gaskraan van Groningen eindelijk definitief dicht is! https://t.co/MWpY1MBf88 | #groningen VIDEO: https://t.co/gnlGrZxtkm https://t.co/JpSfcvOD3a,1.78236948528384E+018,f,t,1,https://pbs.twimg.com/media/GLw-mn9WgAAhMxf.png,photo,https://pbs.twimg.com/media/GLw-mn9WgAAhMxf.png,,,,,,,,,,Matthijs Pontierüè¥‚Äç‚ò†Ô∏èPiratenpartijü§ñPhD,https://twitter.com/Matthijs85/status/Field,9.55476318942048E+017,2024-04-22 11:22:54+00,0,1,1,https://twitter.com/Matthijs85/status/1782369485283844153,47361215,Matthijs85,500,2024-04-30 09:10:15.014218+00,https://twitter.com/search?q=%23groningen&src=typed_query
45686,result,132,0,,,,,,Het nieuwe hot...#gas is weer in de gratie. Even het beton weghakken in #Groningen. Incompetentie in politiek den Haag. Wat een clusterfuck....stelletje domme idioten. In 2025 komt hier gewoon weer een CV ketel op GAS. https://t.co/fYezZMd8s5,1.78359631741713E+018,f,f,0,https://pbs.twimg.com/tweet_video_thumb/GMCbZN1WYAAcY2i.jpg,animated_gif,,,,,,,,,,,Hans,,,2024-04-25 20:37:54+00,0,0,0,https://twitter.com/HrVandijk/status/1783596317417132334,2537424004,HrVandijk,44,2024-04-30 09:10:15.287981+00,https://twitter.com/search?q=%23groningen&src=typed_query
45687,result,133,0,,,,,,ùóóùó≤ ùóòùó≤ùóøùòÄùòÅùó≤ ùóûùóÆùó∫ùó≤ùóø ùóµùó≤ùó≤ùó≥ùòÅ ùó±ùó∂ùóªùòÄùó±ùóÆùó¥ ùü≠ùü≤ ùóÆùóΩùóøùó∂ùóπ ùóµùó≤ùòÅ ùóØùó≤ùòÄùóπùòÇùó∂ùòÅ ùó¥ùó≤ùóªùóºùó∫ùó≤ùóª ùó±ùó≤ ùó¥ùóÆùòÄùó∏ùóøùóÆùóÆùóª ùó∂ùóª ùóöùóøùóºùóªùó∂ùóªùó¥ùó≤ùóª ùó±ùó≤ùó≥ùó∂ùóªùó∂ùòÅùó∂ùó≤ùó≥ ùó±ùó∂ùó∞ùóµùòÅ ùòÅùó≤ ùó±ùóøùóÆùóÆùó∂ùó≤ùóª ‚ùå  https://t.co/1uUNm5aBNa  #gaskraan #energietransitie #groningen,1.7823463270299E+018,f,f,0,,,,,,,,,,,,,REMBORG Bodemenergie,,,2024-04-22 09:50:53+00,0,0,0,https://twitter.com/RemborgBV/status/1782346327029899550,1.76318095655745E+018,RemborgBV,15,2024-04-30 09:10:15.588991+00,https://twitter.com/search?q=%23groningen&src=typed_query
45688,result,134,0,,,,,,"Wanneer wordt @StasMijnbouw gearresteerd @Het_OM ? Hij staat op het punt om een noodzakelijke voorziening, zeker in de vooravond van oorlog, permanent te beschadigen. Graag actie. #groningen",1.78484044337033E+018,f,f,0,,,,,,,,,,,,,Raymundo,,,2024-04-29 07:01:37+00,0,0,0,https://twitter.com/bazapol/status/1784840443370332340,869834432,bazapol,25,2024-04-30 09:10:15.849446+00,https://twitter.com/search?q=%23groningen&src=typed_query
45689,result,135,4,,,,,,Waarom kiezen topsporters voor een groepslocatie en bedrijven (nog) niet?,1.76757389028323E+018,f,f,438,,,,,,,,,,,,,PBN.NL,,,2024-03-12 15:30:30+00,3,35,12,https://twitter.com/pbnteam/status/1767573890283233532,487544976,pbnteam,351647,2024-04-30 09:10:16.162613+00,https://twitter.com/search?q=%23groningen&src=typed_query
45690,result,136,1,,,,,,"Automobilisten moeten nog flink wennen aan nieuwe verkeerssituatie in Helpman, tijdelijke weg voor DUO/Belastingdienst langs nog niet ij iedereen bekend #AanpakRingZuid #Groningen https://t.co/JgRQ26SiXm  @GroningenBereikbaar",1.78497669232011E+018,f,f,2,,,,,,,,,,,,,Aanpak Ring Zuid,,,2024-04-29 16:03:01+00,0,5,2,https://twitter.com/aanpakringzuid/status/1784976692320113042,465423574,aanpakringzuid,2266,2024-04-30 09:10:16.455694+00,https://twitter.com/search?q=%23groningen&src=typed_query
45691,result,137,0,,,,,,"Stoker &amp; Brander (Stoker &amp; Burner) are the names of two apartment buildings, built on the former site of the Hunzecentrale. nThe ""Five Pipes"" of the power plant were blown up on April 25, 1998.  #Groningen #typography #TypeInNL #TypeInGroningen https://t.co/xmjNY8t4CE",1.78340306855566E+018,f,f,1,https://pbs.twimg.com/media/GL_hAhoWwAEc5G2.jpg,photo,https://pbs.twimg.com/media/GL_hAhoWwAEc5G2.jpg,https://pbs.twimg.com/media/GL_hEV8W0AAoJqC.jpg,photo,https://pbs.twimg.com/media/GL_hEV8W0AAoJqC.jpg,,,,,,,Groningen Typography,,,2024-04-25 07:50:00+00,0,0,0,https://twitter.com/GroningenTypog/status/1783403068555661412,1.51086910497828E+018,GroningenTypog,73,2024-04-30 09:10:16.737007+00,https://twitter.com/search?q=%23groningen&src=typed_query
45692,result,138,0,,,,,,12 jaar geleden via Facebook en een interview voor de radio ontmoet. Nu al 12 jaar een bijzondere vriendschap met deze mensen uit #Groningen https://t.co/6Ic6rKpRHK,1.78232768336118E+018,f,f,2,https://pbs.twimg.com/media/GLwZlKrWwAAwhdd.jpg,photo,https://pbs.twimg.com/media/GLwZlKrWwAAwhdd.jpg,,,,,,,,,,Vinnie,,,2024-04-22 08:36:48+00,0,0,0,https://twitter.com/Vinnie41/status/1782327683361177821,148700628,Vinnie41,89,2024-04-30 09:10:17.07127+00,https://twitter.com/search?q=%23groningen&src=typed_query
45693,result,139,0,,,,,,"St≈ôechy groningensk√©...  V r√°mci King's Day se dnes v≈°e zaƒç√≠n√° barvit do oran≈æov√©, vƒçetnƒõ hosp≈Ødek a jejich ≈æ√≠zniv√Ωch n√°v≈°tƒõvn√≠k≈Ø.  P√°r dn√≠ toulek po nizozemsk√©m severu...  Hezkou sobotu v≈°em, tak jak to jen jde!  #Radosti≈Ωivota #Getaway #Groningen #Cheers https://t.co/BAXXyjaQdc",1.78417189239329E+018,f,f,7,https://pbs.twimg.com/media/GMKm3qmXoAAUAAw.jpg,photo,https://pbs.twimg.com/media/GMKm3qmXoAAUAAw.jpg,https://pbs.twimg.com/media/GMKm3tSWUAANE-e.jpg,photo,https://pbs.twimg.com/media/GMKm3tSWUAANE-e.jpg,https://pbs.twimg.com/media/GMKm31DXUAApFiZ.jpg,photo,https://pbs.twimg.com/media/GMKm31DXUAApFiZ.jpg,,,,Radom√≠r J√°ƒç,,,2024-04-27 10:45:02+00,0,0,2,https://twitter.com/RadomirJac/status/1784171892393288085,3380338505,RadomirJac,168,2024-04-30 09:10:22.025129+00,https://twitter.com/search?q=%23groningen&src=typed_query
45694,result,140,0,,,,,,"This row of houses was built by @patrimonium_gro in 1936 and renovated in 1976. Unfortunately, a large bush has been obscuring the text for the past few years. Time for a trim!  #Groningen #typography #TypeInNL #TypeInGroningen https://t.co/Vb8YH5z9Gq",1.78304068060598E+018,f,f,7,https://pbs.twimg.com/media/GL6WB6UW8AAnCUm.jpg,photo,https://pbs.twimg.com/media/GL6WB6UW8AAnCUm.jpg,,,,,,,,,,Groningen Typography,,,2024-04-24 07:50:00+00,0,0,2,https://twitter.com/GroningenTypog/status/1783040680605983060,1.51086910497828E+018,GroningenTypog,194,2024-04-30 09:10:22.430869+00,https://twitter.com/search?q=%23groningen&src=typed_query
45695,result,142,0,,,,,,"#Slachtoffer van #steekpartij in #Stad is #overleden, 46-jarige vrouw uit #Groningen aangehouden https://t.co/PoXIkuXbl9 #rtvnoord",1.78271558281275E+018,f,f,2,,,,,,,,,,,,,Pia Vrijmoed,,,2024-04-23 10:18:10+00,0,0,1,https://twitter.com/PiaVrijmoed/status/1782715582812749898,8.66828139888083E+017,PiaVrijmoed,94,2024-04-30 09:10:24.024539+00,https://twitter.com/search?q=%23groningen&src=typed_query
45696,result,143,0,,,,,,"Geen #lng , #groningen volstorten met beton. En het alternatief #warmtenet ligt volledig op zijn gat. Gaat u maar alvast wat bomen in het park omzagen voor de komende #winter  #vroegerwasallesbeter https://t.co/3yibXBNHdS",1.78336979783463E+018,f,f,1,,,,,,,,,,,,,Sander van den Raadt,,,2024-04-25 05:37:47+00,0,0,2,https://twitter.com/sandervdraadt/status/1783369797834625484,263297555,sandervdraadt,149,2024-04-30 09:10:24.329389+00,https://twitter.com/search?q=%23groningen&src=typed_query
45697,result,144,0,,,,,,"Nou....zeg het maar, hoelang voordat In Groningen de gaskraan weer opengaat (en terecht). #gaskraan #Groningen #opendiekraan  Provincie Utrecht grijpt terug naar gas vanwege overvol stroomnet - https://t.co/gHOqLHv2gN",1.78345170983608E+018,f,f,2,,,,,,,,,,,,,Frenk ‚ùåÔ∏è‚ùåÔ∏è‚ùåÔ∏è,,,2024-04-25 11:03:17+00,0,1,0,https://twitter.com/F_r_e_n_k_i_e/status/1783451709836075515,1.40366644668992E+018,F_r_e_n_k_i_e,110,2024-04-30 09:10:24.583666+00,https://twitter.com/search?q=%23groningen&src=typed_query
45698,result,145,0,,,,,,"Volleybalteam #Lycurgus uit #Groningen neemt afscheid van zes spelers, onder wie #LuukHofhuis - #DagbladvanhetNoorden #volleybal  https://t.co/BsnLrCPhC0",1.78285476192389E+018,f,f,1,,,,,,,,,,,,,sjoerd jansen,,,2024-04-23 19:31:13+00,0,1,0,https://twitter.com/nolheijerman/status/1782854761923891344,130110912,nolheijerman,627,2024-04-30 09:10:24.842071+00,https://twitter.com/search?q=%23groningen&src=typed_query
45699,result,146,0,,,,,,Dode bij steekpartij Verlengde Frederikstraat #Groningen   https://t.co/QLTmaWlFoL,1.78270042817969E+018,f,f,0,,,,,,,,,,,,,112Online,,,2024-04-23 09:17:57+00,0,0,0,https://twitter.com/112Onlinenl/status/1782700428179685440,1.77256458856472E+018,112Onlinenl,65,2024-04-30 09:10:25.113837+00,https://twitter.com/search?q=%23groningen&src=typed_query
45700,result,147,0,,,,,,"Dode bij steekpartij in Groningen, verdachte aangehouden  https://t.co/Gv9iZKOUPZ #steekpartij #Groningen https://t.co/H4UvxkBSLh",1.78270657318745E+018,f,f,0,https://pbs.twimg.com/media/GL1yLV9XkAA6p2A.jpg,photo,https://pbs.twimg.com/media/GL1yLV9XkAA6p2A.jpg,,,,,,,,,,Wereldnieuws Online,,,2024-04-23 09:42:22+00,0,0,0,https://twitter.com/wereldnieuwsonl/status/1782706573187449315,146949333,wereldnieuwsonl,59,2024-04-30 09:10:25.362736+00,https://twitter.com/search?q=%23groningen&src=typed_query
45701,result,148,0,,,,,,"Breng die borden terug aub. Ze horen d√°√°r, bij het Lopster Veerhuis, niet in een studentenkamer of een zuipkeet. #opsporingverzocht #groningen",1.78312422822245E+018,f,t,8,,,,,,,,,,,,,Nico Swart,https://twitter.com/Gelkinghe/status/Field,1.78312032703317E+018,2024-04-24 13:21:59+00,1,5,2,https://twitter.com/nicoswa/status/1783124228222452137,360615741,nicoswa,1395,2024-04-30 09:10:29.475674+00,https://twitter.com/search?q=%23groningen&src=typed_query
45702,result,149,0,,,,,,Inschrijving #4Mijl van #Groningen geopend. Tophandbikers geven in oktober een demonstratie - #Dagbladvanhet Noorden #atletiek  https://t.co/6uvfp5UQlL,1.78275275180754E+018,f,f,1,,,,,,,,,,,,,sjoerd jansen,,,2024-04-23 12:45:52+00,0,1,0,https://twitter.com/nolheijerman/status/1782752751807541491,130110912,nolheijerman,454,2024-04-30 09:10:29.76598+00,https://twitter.com/search?q=%23groningen&src=typed_query
45703,result,150,0,,,,,,Nieuw! De PBN Podcast!,1.72542609267515E+018,f,f,19,,,,,,,,,,,,,PBN.NL,,,2023-11-17 08:10:12+00,0,1,0,https://twitter.com/pbnteam/status/1725426092675154320,487544976,pbnteam,77600,2024-04-30 09:10:30.044363+00,https://twitter.com/search?q=%23groningen&src=typed_query
45704,result,151,0,,,,,,Heel #groningen @AsielGroningen willen jullie ook even mee kijken? Dit prinsesje wil naar haar personeel terug‚Ä¶.,1.78347794329908E+018,f,t,4,,,,,,,,,,,,,Petra Steenbergenü¶Ñü¶úüê¥üë®‚Äçüë©‚Äçüëß,https://twitter.com/MarleneBakker/status/Field,1.78315104921528E+018,2024-04-25 12:47:31+00,0,6,0,https://twitter.com/SteenbergenP/status/1783477943299080569,2230248873,SteenbergenP,271,2024-04-30 09:10:30.295672+00,https://twitter.com/search?q=%23groningen&src=typed_query
45705,result,152,0,,,,,,Northern #Deutschland and #Netherlands in the barometric low zone RAF31 sensor from near #Groningen this morning @raspishake  @rrichcord @CeciliaSykala https://t.co/7hDDFG5Izj,1.78374093267375E+018,f,f,2,https://pbs.twimg.com/media/GMEeqjuXYAAuZ44.jpg,photo,https://pbs.twimg.com/media/GMEeqjuXYAAuZ44.jpg,https://pbs.twimg.com/media/GMEeuaCWwAACAXp.jpg,photo,https://pbs.twimg.com/media/GMEeuaCWwAACAXp.jpg,,,,,,,Guardian-Earthü¶ã7‚ú® üõ∏..üåèüëÄ üåè ..üõ∏ ‚ú®,,,2024-04-26 06:12:33+00,1,1,0,https://twitter.com/DarMo68/status/1783740932673749030,1.03259462141783E+018,DarMo68,201,2024-04-30 09:10:30.581448+00,https://twitter.com/search?q=%23groningen&src=typed_query
45706,result,153,0,,,,,,Waren weer mooie &amp; gezellige ontmoetingen (als gastspreker regio #Drenthe #Groningen nav mijn #lezing over n nieuwe verklaring vd #bijnadoodervaring #BDE #bewustzijn via natuurwetten).  @omroepntr @Wetenschap  @NTRAcademie  @omroephuman  @CoenVerbraak @omroepvara  #Nieuws #UPDATE https://t.co/bIIh7MT6hH,1.78229977043588E+018,f,f,0,https://pbs.twimg.com/media/GLwAMBzWMAALEsf.jpg,photo,https://pbs.twimg.com/media/GLwAMBzWMAALEsf.jpg,https://pbs.twimg.com/media/GLwAMECXsAA8Vyx.jpg,photo,https://pbs.twimg.com/media/GLwAMECXsAA8Vyx.jpg,https://pbs.twimg.com/media/GLwAMgrXgAA8J7L.jpg,photo,https://pbs.twimg.com/media/GLwAMgrXgAA8J7L.jpg,https://pbs.twimg.com/media/GLwAMTqXcAEc__r.jpg,photo,https://pbs.twimg.com/media/GLwAMTqXcAEc__r.jpg,(NL) Researcher #NDE #Consciousness #Afterlife,,,2024-04-22 06:45:53+00,0,0,0,https://twitter.com/DrsMVenselaar/status/1782299770435879396,939989384,DrsMVenselaar,74,2024-04-30 09:10:30.87853+00,https://twitter.com/search?q=%23groningen&src=typed_query
45707,result,154,0,,,,,,Google will build third data center in Groningen #Ardenresourcing #Groningen #Google https://t.co/YBb70JmHk0 https://t.co/PZL7Q4lLfa,1.78413545936435E+018,f,f,1,https://pbs.twimg.com/media/GMKFvpSXYAAVr9I.jpg,photo,https://pbs.twimg.com/media/GMKFvpSXYAAVr9I.jpg,,,,,,,,,,ArdenResourcing,,,2024-04-27 08:20:15+00,0,0,0,https://twitter.com/ArdenResourcing/status/1784135459364352273,531403775,ArdenResourcing,34,2024-04-30 09:10:31.159677+00,https://twitter.com/search?q=%23groningen&src=typed_query
45708,result,156,0,,,,,,Bollie #Vermist sinds 21-04-2024 te #Groningen #Nederland   https://t.co/IzW7ijzgxZ https://t.co/3J7JaMxqmF,1.7834061168833E+018,f,f,0,https://pbs.twimg.com/media/GL_uaG0XcAAq4Nz.jpg,photo,https://pbs.twimg.com/media/GL_uaG0XcAAq4Nz.jpg,,,,,,,,,,waarisonzeangel?,,,2024-04-25 08:02:07+00,0,2,0,https://twitter.com/waarisonzeangel/status/1783406116883296368,867670808,waarisonzeangel,48,2024-04-30 09:10:36.257593+00,https://twitter.com/search?q=%23groningen&src=typed_query
45709,result,157,0,,,,,,Owl for sale send us your address for delivery and shipping #groningen #friesland #drente #overijssel #gelderland #flevoland #utrecht #zeeland #viral https://t.co/ZYb0h5oADx,1.78355608775023E+018,f,f,0,https://pbs.twimg.com/media/GMB2zx8WQAALF01.jpg,photo,https://pbs.twimg.com/media/GMB2zx8WQAALF01.jpg,,,,,,,,,,sa.ms1202,,,2024-04-25 17:58:02+00,0,0,0,https://twitter.com/Ms1202Sa72839/status/1783556087750234538,1.77381238944132E+018,Ms1202Sa72839,62,2024-04-30 09:10:36.512663+00,https://twitter.com/search?q=%23groningen&src=typed_query
45710,result,158,0,,,,,,#koningsdag #Qbuzz dubbeldekker in #Groningen met wat extras voor lijn 300 naar #Emmen. &gt; https://t.co/qYbNBwQQZM,1.78393472432434E+018,f,f,1,https://pbs.twimg.com/media/GMHPIZ6XMAAyy_X.jpg,photo,https://pbs.twimg.com/media/GMHPIZ6XMAAyy_X.jpg,,,,,,,,,,JW Slijm,,,2024-04-26 19:02:36+00,0,1,0,https://twitter.com/eurovermeer/status/1783934724324339827,192357257,eurovermeer,262,2024-04-30 09:10:36.778008+00,https://twitter.com/search?q=%23groningen&src=typed_query
45711,result,159,0,,,,,,#Groningen of ergens anders?,1.78465323162212E+018,f,t,7,,,,,,,,,,,,,Mobile Annie üíÉüèºüíîü™´,https://twitter.com/martinpostmus/status/Field,1.7846517615228E+018,2024-04-28 18:37:42+00,0,0,4,https://twitter.com/MobieleAnnie/status/1784653231622119873,1.48154070570516E+018,MobieleAnnie,445,2024-04-30 09:10:37.028881+00,https://twitter.com/search?q=%23groningen&src=typed_query
45712,result,160,0,,,,,,#treinleven Vandaag was de laatste werkdag van #Marga in #Groningen. Dat wordt minder koffie! &gt; https://t.co/fBDY4koNOn,1.78393434148934E+018,f,f,0,https://pbs.twimg.com/media/GMHOwSTXwAICRXR.jpg,photo,https://pbs.twimg.com/media/GMHOwSTXwAICRXR.jpg,,,,,,,,,,JW Slijm,,,2024-04-26 19:01:05+00,0,0,0,https://twitter.com/eurovermeer/status/1783934341489336427,192357257,eurovermeer,54,2024-04-30 09:10:37.270718+00,https://twitter.com/search?q=%23groningen&src=typed_query
45713,result,161,0,,,,,,Een oranje tompouce hoort erbij vandaag! #koningsdag #Groningen https://t.co/38Ty7nyiBZ,1.78414737031949E+018,f,f,3,https://pbs.twimg.com/media/GMKQke9WcAIhesh.jpg,photo,https://pbs.twimg.com/media/GMKQke9WcAIhesh.jpg,https://pbs.twimg.com/media/GMKQk0rX0AAL53q.jpg,photo,https://pbs.twimg.com/media/GMKQk0rX0AAL53q.jpg,,,,,,,marian hanemaaijer,,,2024-04-27 09:07:35+00,0,0,1,https://twitter.com/mhanemaaijer/status/1784147370319491208,116914552,mhanemaaijer,526,2024-04-30 09:10:37.518295+00,https://twitter.com/search?q=%23groningen&src=typed_query
45714,result,162,0,,,,,,#gaskraandicht #groningen maar deze blijven gewoon open; https://t.co/qKdlwTapAL,1.7831825237171E+018,f,f,0,,,,,,,,,,,,,Truus Huus,,,2024-04-24 17:13:38+00,0,0,0,https://twitter.com/Truus01661297/status/1783182523717095619,1.3777598279429E+018,Truus01661297,7,2024-04-30 09:10:43.114859+00,https://twitter.com/search?q=%23groningen&src=typed_query
45715,result,163,0,,,,,,"02:25u Opschaling in Groningen (Middel brand) Locatie: Damsport, Groningen Soort brand: woning VR: Groningen #P2000 #groningen https://t.co/TpQixDN0ja",1.78256651150629E+018,f,f,0,,,,,,,,,,,,,P2000 Opschalingen,,,2024-04-23 00:25:49+00,0,0,0,https://twitter.com/Opschalingenp2k/status/1782566511506292765,1.52774306950386E+018,Opschalingenp2k,120,2024-04-30 09:10:43.377048+00,https://twitter.com/search?q=%23groningen&src=typed_query
45716,result,165,0,,,,,,Work In Progress... #newwork #collage #collageart #collageartist #artist #modernart #modernartist #contemporaryart #popart #groningen #sceafa #gus #knot #gusknot #gustav #gustavknot #workinprogress #wip #newart #artgallery #museum #kunst #expo #artexpo #dowork #newcollection #art https://t.co/iSNcBPlUu5,1.7849978545635E+018,f,f,1,https://pbs.twimg.com/media/GMWWEIXWsAABd4k.jpg,photo,https://pbs.twimg.com/media/GMWWEIXWsAABd4k.jpg,https://pbs.twimg.com/media/GMWWEIXWAAAK1iD.jpg,photo,https://pbs.twimg.com/media/GMWWEIXWAAAK1iD.jpg,https://pbs.twimg.com/media/GMWWEIYXkAAtEtC.jpg,photo,https://pbs.twimg.com/media/GMWWEIYXkAAtEtC.jpg,https://pbs.twimg.com/media/GMWWEIZWUAAx_iy.jpg,photo,https://pbs.twimg.com/media/GMWWEIZWUAAx_iy.jpg,Sceafa,,,2024-04-29 17:27:06+00,0,1,0,https://twitter.com/sceafa_studios/status/1784997854563500323,2458250923,sceafa_studios,103,2024-04-30 09:10:43.953042+00,https://twitter.com/search?q=%23groningen&src=typed_query
45717,result,166,1,,,,,,Oprit Hereweg richting Julianaplein donderdagavond definitief dicht #AanpakRingZuid #OperatieRingZuid #Groningen #GroningenBereikbaar   https://t.co/TK4K8nBLHj,1.78273232349604E+018,f,f,5,,,,,,,,,,,,,Aanpak Ring Zuid,,,2024-04-23 11:24:42+00,1,7,0,https://twitter.com/aanpakringzuid/status/1782732323496043000,465423574,aanpakringzuid,1666,2024-04-30 09:10:44.209017+00,https://twitter.com/search?q=%23groningen&src=typed_query
45718,result,167,0,,,,,,Blokkenschema Bevrijdingsfestival #Groningen ü§ó https://t.co/O0kMYYBsBb,1.78460713817572E+018,f,f,0,https://pbs.twimg.com/media/GMQyvAtXYAMRqcU.jpg,photo,https://pbs.twimg.com/media/GMQyvAtXYAMRqcU.jpg,,,,,,,,,,Stadspark Groningen,,,2024-04-28 15:34:32+00,0,0,0,https://twitter.com/Stadspark050/status/1784607138175721644,1.30248627782521E+018,Stadspark050,149,2024-04-30 09:10:44.466605+00,https://twitter.com/search?q=%23groningen&src=typed_query
45719,result,168,0,,,,,,"2e Aardbeving in 24 uur, gister usquert 1.5 vannacht Kommerzijl met een kracht van 1.8 #aardbeving #gas #Groningen   https://t.co/KCJQO7jECa #rtvnoord",1.78518880825158E+018,f,f,1,,,,,,,,,,,,,üî•ùêéùêØùêûùê´ ùêûùêß ùêïùê®ùê®ùê´ ùêìùêûùêß ùêÅùê®ùêûùê´üî•,,,2024-04-30 06:05:53+00,0,1,0,https://twitter.com/ten_boer/status/1785188808251584795,827009922,ten_boer,71,2024-04-30 09:10:44.730219+00,https://twitter.com/search?q=%23groningen&src=typed_query
45720,result,170,0,,,,,,Check in #groningen on my way to @umcg @RotterdamTrans https://t.co/CIhJNWMdrT,1.78344033711492E+018,f,f,2,https://pbs.twimg.com/media/GMANh-oWYAAbgLe.jpg,photo,https://pbs.twimg.com/media/GMANh-oWYAAbgLe.jpg,,,,,,,,,,Carla Baan,,,2024-04-25 10:18:05+00,0,0,0,https://twitter.com/BaanCarla/status/1783440337114919351,475199087,BaanCarla,181,2024-04-30 09:10:50.357+00,https://twitter.com/search?q=%23groningen&src=typed_query
45721,result,171,0,,,,,,@gem_groningen Dus om ervoor te zorgen dat marktkooplui de tijd te geven ga je ze ontheffingen 'verkopen'.  Waardoor ze minder geld overhouden om uiteindelijk een peperdure elektrische wagen te kopen?  Make it make sense @gem_groningen   #Groningen,1.78318284156144E+018,f,f,22,,,,,,,,,,,,,Danilo Oetomo,,,2024-04-24 17:14:54+00,0,1,1,https://twitter.com/DaniloOetomo/status/1783182841561444830,1.53852784303824E+018,DaniloOetomo,372,2024-04-30 09:10:50.614485+00,https://twitter.com/search?q=%23groningen&src=typed_query
45722,result,172,4,,,,,,Investeren in je team? Bel ons voor een succesvolle invulling!,1.7268841509745E+018,f,f,44,,,,,,,,,,,,,PBN.NL,,,2023-11-21 08:44:00+00,0,2,2,https://twitter.com/pbnteam/status/1726884150974500923,487544976,pbnteam,198451,2024-04-30 09:10:50.854208+00,https://twitter.com/search?q=%23groningen&src=typed_query
45723,result,173,4,,,,,,üèÜ G√úN√úN KUPONU üèÜ   TABLOLAR PAYLA≈ûILACAK üèÜ  #GalatasaraySK #AdanaDemirspor #Bochum #Hoffenheim #Austria #Venlo #JongAjax #Ajax #Groningen #JENNIE #gntm #ColumbiaUniversity #viralvideo #RCBvsSRH #flooding #LesFlammes2024 #nadiedicenada #BarcelonaSC #SRHvsRCB https://t.co/OM32tVDdtj,1.78389023334951E+018,f,f,4,https://pbs.twimg.com/media/GMGmtSYXMAAOyyG.jpg,photo,https://pbs.twimg.com/media/GMGmtSYXMAAOyyG.jpg,,,,,,,,,,Kƒ∞NGLARU,,,2024-04-26 16:05:49+00,1,0,0,https://twitter.com/kinglaru/status/1783890233349505277,1.77560627385088E+018,kinglaru,45,2024-04-30 09:10:51.110615+00,https://twitter.com/search?q=%23groningen&src=typed_query
45724,result,174,0,,,,,,De negatieve effecten vd autoluwe binnenstad. Wordt dit ook het scenario in de stad #Groningen als o.a. @GLGroningen zijn zin doordrijft ?,1.78502435077878E+018,f,t,0,,,,,,,,,,,,,Johan Meezen,https://twitter.com/hansvantelling/status/Field,1.78499398262952E+018,2024-04-29 19:12:24+00,0,0,1,https://twitter.com/JohanMeezen/status/1785024350778777941,7.03860431215985E+017,JohanMeezen,136,2024-04-30 09:10:51.36014+00,https://twitter.com/search?q=%23groningen&src=typed_query
45725,result,175,0,,,,,,En alweer 1 #aardbeving #Groningen,1.78502595879127E+018,f,t,0,,,,,,,,,,,,,Emile,https://twitter.com/KNMI/status/Field,1.78491493443585E+018,2024-04-29 19:18:47+00,0,0,0,https://twitter.com/lichtpuntj3s/status/1785025958791274791,1.5446277106134E+018,lichtpuntj3s,358,2024-04-30 09:10:55.862911+00,https://twitter.com/search?q=%23groningen&src=typed_query
45726,result,176,0,,,,,,#vacature Persoonlijk Begeleider Leger des Heils Beschermd Wonen Groningen 24 uur per week bij Leger des Heils  https://t.co/mduA8nuGal #zorg #welzijn #Groningen,1.78276861699729E+018,f,f,0,,,,,,,,,,,,,Flever loopbaan,,,2024-04-23 13:48:55+00,0,0,0,https://twitter.com/Fleverloopbaan/status/1782768616997285914,1.00900083534546E+018,Fleverloopbaan,13,2024-04-30 09:10:56.12581+00,https://twitter.com/search?q=%23groningen&src=typed_query
45727,result,177,17,,,,,,"Onboarding met impact, voor nieuwe en bestaande teams, zo doe je dat:",1.77731386191114E+018,f,f,670,,,,,,,,,,,,,PBN.NL,,,2024-04-08 12:33:40+00,6,47,21,https://twitter.com/pbnteam/status/1777313861911138319,487544976,pbnteam,692324,2024-04-30 09:10:56.392818+00,https://twitter.com/search?q=%23groningen&src=typed_query
45728,result,178,0,,,,,,#Wooncrisis #Huisjesmelker in #Groningen intimideert #Studenten om ze zijn huis uit te krijgen. Zet er #ExGedetineerden in. https://t.co/wEoOPgrDM8,1.7827199818321E+018,f,f,1,,,,,,,,,,,,,Ineke Kouwenhoven,,,2024-04-23 10:35:39+00,0,0,0,https://twitter.com/IKouwenhoven/status/1782719981832097831,541266024,IKouwenhoven,65,2024-04-30 09:11:00.094486+00,https://twitter.com/search?q=%23groningen&src=typed_query
45729,result,180,0,,,,,,#gaswinning #Groningen,1.78455251989024E+018,f,t,1,,,,,,,,,,,,,Jowisu (dwars en tegendraads),https://twitter.com/vraagstaart/status/Field,1.78444343991831E+018,2024-04-28 11:57:30+00,0,0,0,https://twitter.com/jowisu1/status/1784552519890244054,4714185989,jowisu1,65,2024-04-30 09:11:04.838227+00,https://twitter.com/search?q=%23groningen&src=typed_query
45730,result,181,0,,,,,,"Op √©√©n dag: ""Het is de derde steekpartij dinsdag in onze provincie. Eerder raakte een 44-jarige man in #Groningen dodelijk gewond. Ook raakte een man gewond in #Veendam."" üò±  De persoon in Ter #Apel is hoofdnieuws, en DODE in Groningen staat in de kleine letters. ü§î",1.78300755526803E+018,f,t,3,,,,,,,,,,,,,Lena üìö,https://twitter.com/ikgeefnooitop/status/Field,1.78284916211284E+018,2024-04-24 05:38:22+00,0,1,1,https://twitter.com/likewiz/status/1783007555268026521,1.54005148620972E+018,likewiz,188,2024-04-30 09:11:11.209684+00,https://twitter.com/search?q=%23groningen&src=typed_query
45731,result,182,0,,,,,,"@JaltdeHaan @CDAGroningen Er is al een geheugen balkon ,mijns inziens genoeg , een geheugen paviljoen van 30 meter lang en 5 meter hoog , is echt overbodig!!!! #groningen https://t.co/u1MDZonhPF",1.78300465902565E+018,f,f,0,https://pbs.twimg.com/media/GL6BSZHXAAAonAX.jpg,photo,https://pbs.twimg.com/media/GL6BSZHXAAAonAX.jpg,https://pbs.twimg.com/media/GL6BSZ7WcAA2vd7.jpg,photo,https://pbs.twimg.com/media/GL6BSZ7WcAA2vd7.jpg,https://pbs.twimg.com/media/GL6BSeIXgAIkWHX.jpg,photo,https://pbs.twimg.com/media/GL6BSeIXgAIkWHX.jpg,,,,üî•ùêéùêØùêûùê´ ùêûùêß ùêïùê®ùê®ùê´ ùêìùêûùêß ùêÅùê®ùêûùê´üî•,,,2024-04-24 05:26:51+00,0,0,0,https://twitter.com/ten_boer/status/1783004659025645761,827009922,ten_boer,52,2024-04-30 09:11:15.883877+00,https://twitter.com/search?q=%23groningen&src=typed_query
